2024/12/03 00:04:19 profile 'default': starting 'backup'
using parent snapshot 217a59d8
error: open /Users/kei/Library/Biome/streams/restricted/RemindersContent/local/754359106693238: operation not permitted
error: open /Users/kei/Library/Biome/streams/restricted/ThirdPartyAppContent/local/754766813271177: operation not permitted
error: open /Users/kei/Library/Biome/streams/restricted/ThirdPartyAppContent/local/tombstone/754793820568544: operation not permitted
Save(<data/c8e7859b6c>) returned error, retrying after 1.007719769s: unexpected HTTP response (500): 500 Internal Server Error
Save(<data/e1c8d010a1>) returned error, retrying after 1.138832707s: unexpected HTTP response (500): 500 Internal Server Error
Save(<data/e1e707e2b3>) returned error, retrying after 1.06993244s: unexpected HTTP response (500): 500 Internal Server Error
Save(<data/b130fb2275>) returned error, retrying after 1.198460256s: unexpected HTTP response (500): 500 Internal Server Error
Save(<data/c8e7859b6c>) operation successful after 1 retries
Save(<data/e1c8d010a1>) operation successful after 1 retries
Save(<data/b130fb2275>) operation successful after 1 retries
Save(<data/e1e707e2b3>) operation successful after 1 retries
error: readdirnames /Users/kei/Library/CloudStorage/GoogleDrive-ki95@cornell.edu/My Drive/2025 NII Internship/2025NIIInternshipMaterials failed: fdopendir /Users/kei/Library/CloudStorage/GoogleDrive-ki95@cornell.edu/My Drive/2025 NII Internship/2025NIIInternshipMaterials: resource deadlock avoided
error: readdirnames /Users/kei/Library/CloudStorage/GoogleDrive-ki95@cornell.edu/My Drive/CS6120 failed: fdopendir /Users/kei/Library/CloudStorage/GoogleDrive-ki95@cornell.edu/My Drive/CS6120: resource deadlock avoided
error: failed to save /Users/kei/Library/CloudStorage/GoogleDrive-ki95@cornell.edu/My Drive/2025 NII Internship/Apartments.gsheet: read /Users/kei/Library/CloudStorage/GoogleDrive-ki95@cornell.edu/My Drive/2025 NII Internship/Apartments.gsheet: resource deadlock avoided
error: readdirnames /Users/kei/Library/CloudStorage/GoogleDrive-ki95@cornell.edu/My Drive/CS6172 failed: fdopendir /Users/kei/Library/CloudStorage/GoogleDrive-ki95@cornell.edu/My Drive/CS6172: resource deadlock avoided
error: readdirnames /Users/kei/Library/CloudStorage/GoogleDrive-ki95@cornell.edu/My Drive/CS6412 failed: fdopendir /Users/kei/Library/CloudStorage/GoogleDrive-ki95@cornell.edu/My Drive/CS6412: resource deadlock avoided
error: failed to save /Users/kei/Library/CloudStorage/GoogleDrive-ki95@cornell.edu/My Drive/CS6752/Paper Presentation/6770 expectations and Rubric for Paper Presentations.gdoc: read /Users/kei/Library/CloudStorage/GoogleDrive-ki95@cornell.edu/My Drive/CS6752/Paper Presentation/6770 expectations and Rubric for Paper Presentations.gdoc: resource deadlock avoided
error: failed to save /Users/kei/Library/CloudStorage/GoogleDrive-ki95@cornell.edu/My Drive/CS6752/Paper Presentation/6770 expectations and Rubric for Paper Presentations.pdf: read /Users/kei/Library/CloudStorage/GoogleDrive-ki95@cornell.edu/My Drive/CS6752/Paper Presentation/6770 expectations and Rubric for Paper Presentations.pdf: resource deadlock avoided
error: failed to save /Users/kei/Library/CloudStorage/GoogleDrive-ki95@cornell.edu/My Drive/CS6752/Paper Presentation/Brainstorm.gdoc: read /Users/kei/Library/CloudStorage/GoogleDrive-ki95@cornell.edu/My Drive/CS6752/Paper Presentation/Brainstorm.gdoc: resource deadlock avoided
error: failed to save /Users/kei/Library/CloudStorage/GoogleDrive-ki95@cornell.edu/My Drive/CS6752/Paper Presentation/Script.gdoc: read /Users/kei/Library/CloudStorage/GoogleDrive-ki95@cornell.edu/My Drive/CS6752/Paper Presentation/Script.gdoc: resource deadlock avoided
error: failed to save /Users/kei/Library/CloudStorage/GoogleDrive-ki95@cornell.edu/My Drive/CS6752/Paper Presentation/While-dt.gslides: read /Users/kei/Library/CloudStorage/GoogleDrive-ki95@cornell.edu/My Drive/CS6752/Paper Presentation/While-dt.gslides: resource deadlock avoided
error: failed to save /Users/kei/Library/CloudStorage/GoogleDrive-ki95@cornell.edu/My Drive/CS6752/Project Presentation Brainstorm.gdoc: read /Users/kei/Library/CloudStorage/GoogleDrive-ki95@cornell.edu/My Drive/CS6752/Project Presentation Brainstorm.gdoc: resource deadlock avoided
error: failed to save /Users/kei/Library/CloudStorage/GoogleDrive-ki95@cornell.edu/My Drive/CS6752/Script.gdoc: read /Users/kei/Library/CloudStorage/GoogleDrive-ki95@cornell.edu/My Drive/CS6752/Script.gdoc: resource deadlock avoided
error: failed to save /Users/kei/Library/CloudStorage/GoogleDrive-ki95@cornell.edu/My Drive/CS6752/Temporal While-dt.gslides: read /Users/kei/Library/CloudStorage/GoogleDrive-ki95@cornell.edu/My Drive/CS6752/Temporal While-dt.gslides: resource deadlock avoided
error: readdirnames /Users/kei/Library/CloudStorage/GoogleDrive-ki95@cornell.edu/My Drive/CS6861 failed: fdopendir /Users/kei/Library/CloudStorage/GoogleDrive-ki95@cornell.edu/My Drive/CS6861: resource deadlock avoided
error: readdirnames /Users/kei/Library/CloudStorage/GoogleDrive-ki95@cornell.edu/My Drive/CS7194 failed: fdopendir /Users/kei/Library/CloudStorage/GoogleDrive-ki95@cornell.edu/My Drive/CS7194: resource deadlock avoided
error: readdirnames /Users/kei/Library/CloudStorage/GoogleDrive-ki95@cornell.edu/My Drive/Discrete to Continuous failed: fdopendir /Users/kei/Library/CloudStorage/GoogleDrive-ki95@cornell.edu/My Drive/Discrete to Continuous: resource deadlock avoided
error: readdirnames /Users/kei/Library/CloudStorage/GoogleDrive-ki95@cornell.edu/My Drive/GoodNotes/A Exams failed: fdopendir /Users/kei/Library/CloudStorage/GoogleDrive-ki95@cornell.edu/My Drive/GoodNotes/A Exams: resource deadlock avoided
error: readdirnames /Users/kei/Library/CloudStorage/GoogleDrive-ki95@cornell.edu/My Drive/GoodNotes/Advanced Compilers failed: fdopendir /Users/kei/Library/CloudStorage/GoogleDrive-ki95@cornell.edu/My Drive/GoodNotes/Advanced Compilers: resource deadlock avoided
error: readdirnames /Users/kei/Library/CloudStorage/GoogleDrive-ki95@cornell.edu/My Drive/GoodNotes/Advanced Topics In Systems failed: fdopendir /Users/kei/Library/CloudStorage/GoogleDrive-ki95@cornell.edu/My Drive/GoodNotes/Advanced Topics In Systems: resource deadlock avoided
error: readdirnames /Users/kei/Library/CloudStorage/GoogleDrive-ki95@cornell.edu/My Drive/GoodNotes/Alexandra failed: fdopendir /Users/kei/Library/CloudStorage/GoogleDrive-ki95@cornell.edu/My Drive/GoodNotes/Alexandra: resource deadlock avoided
error: readdirnames /Users/kei/Library/CloudStorage/GoogleDrive-ki95@cornell.edu/My Drive/GoodNotes/B Exams failed: fdopendir /Users/kei/Library/CloudStorage/GoogleDrive-ki95@cornell.edu/My Drive/GoodNotes/B Exams: resource deadlock avoided
error: readdirnames /Users/kei/Library/CloudStorage/GoogleDrive-ki95@cornell.edu/My Drive/GoodNotes/CS Colloquium failed: fdopendir /Users/kei/Library/CloudStorage/GoogleDrive-ki95@cornell.edu/My Drive/GoodNotes/CS Colloquium: resource deadlock avoided
error: failed to save /Users/kei/Library/CloudStorage/GoogleDrive-ki95@cornell.edu/My Drive/GoodNotes/Certified Software Systems/20240827.goodnotes: read /Users/kei/Library/CloudStorage/GoogleDrive-ki95@cornell.edu/My Drive/GoodNotes/Certified Software Systems/20240827.goodnotes: resource deadlock avoided
error: failed to save /Users/kei/Library/CloudStorage/GoogleDrive-ki95@cornell.edu/My Drive/GoodNotes/Certified Software Systems/20240827.pdf: read /Users/kei/Library/CloudStorage/GoogleDrive-ki95@cornell.edu/My Drive/GoodNotes/Certified Software Systems/20240827.pdf: resource deadlock avoided
error: failed to save /Users/kei/Library/CloudStorage/GoogleDrive-ki95@cornell.edu/My Drive/GoodNotes/Certified Software Systems/20240910.goodnotes: read /Users/kei/Library/CloudStorage/GoogleDrive-ki95@cornell.edu/My Drive/GoodNotes/Certified Software Systems/20240910.goodnotes: resource deadlock avoided
error: failed to save /Users/kei/Library/CloudStorage/GoogleDrive-ki95@cornell.edu/My Drive/GoodNotes/Certified Software Systems/20240910.pdf: read /Users/kei/Library/CloudStorage/GoogleDrive-ki95@cornell.edu/My Drive/GoodNotes/Certified Software Systems/20240910.pdf: resource deadlock avoided
error: failed to save /Users/kei/Library/CloudStorage/GoogleDrive-ki95@cornell.edu/My Drive/GoodNotes/Certified Software Systems/20240912.goodnotes: read /Users/kei/Library/CloudStorage/GoogleDrive-ki95@cornell.edu/My Drive/GoodNotes/Certified Software Systems/20240912.goodnotes: resource deadlock avoided
error: failed to save /Users/kei/Library/CloudStorage/GoogleDrive-ki95@cornell.edu/My Drive/GoodNotes/Certified Software Systems/20240912.pdf: read /Users/kei/Library/CloudStorage/GoogleDrive-ki95@cornell.edu/My Drive/GoodNotes/Certified Software Systems/20240912.pdf: resource deadlock avoided
error: failed to save /Users/kei/Library/CloudStorage/GoogleDrive-ki95@cornell.edu/My Drive/GoodNotes/Certified Software Systems/20240917.goodnotes: read /Users/kei/Library/CloudStorage/GoogleDrive-ki95@cornell.edu/My Drive/GoodNotes/Certified Software Systems/20240917.goodnotes: resource deadlock avoided
error: failed to save /Users/kei/Library/CloudStorage/GoogleDrive-ki95@cornell.edu/My Drive/GoodNotes/Certified Software Systems/20240917.pdf: read /Users/kei/Library/CloudStorage/GoogleDrive-ki95@cornell.edu/My Drive/GoodNotes/Certified Software Systems/20240917.pdf: resource deadlock avoided
error: failed to save /Users/kei/Library/CloudStorage/GoogleDrive-ki95@cornell.edu/My Drive/GoodNotes/Certified Software Systems/20241001.goodnotes: read /Users/kei/Library/CloudStorage/GoogleDrive-ki95@cornell.edu/My Drive/GoodNotes/Certified Software Systems/20241001.goodnotes: resource deadlock avoided
error: failed to save /Users/kei/Library/CloudStorage/GoogleDrive-ki95@cornell.edu/My Drive/GoodNotes/Certified Software Systems/20241001.pdf: read /Users/kei/Library/CloudStorage/GoogleDrive-ki95@cornell.edu/My Drive/GoodNotes/Certified Software Systems/20241001.pdf: resource deadlock avoided
error: failed to save /Users/kei/Library/CloudStorage/GoogleDrive-ki95@cornell.edu/My Drive/GoodNotes/Certified Software Systems/20241003.goodnotes: read /Users/kei/Library/CloudStorage/GoogleDrive-ki95@cornell.edu/My Drive/GoodNotes/Certified Software Systems/20241003.goodnotes: resource deadlock avoided
error: failed to save /Users/kei/Library/CloudStorage/GoogleDrive-ki95@cornell.edu/My Drive/GoodNotes/Certified Software Systems/20241003.pdf: read /Users/kei/Library/CloudStorage/GoogleDrive-ki95@cornell.edu/My Drive/GoodNotes/Certified Software Systems/20241003.pdf: resource deadlock avoided
error: readdirnames /Users/kei/Library/CloudStorage/GoogleDrive-ki95@cornell.edu/My Drive/GoodNotes/Continuous Program Verification failed: fdopendir /Users/kei/Library/CloudStorage/GoogleDrive-ki95@cornell.edu/My Drive/GoodNotes/Continuous Program Verification: resource deadlock avoided
error: failed to save /Users/kei/Library/CloudStorage/GoogleDrive-ki95@cornell.edu/My Drive/GoodNotes/Certified Software Systems/20241017.goodnotes: read /Users/kei/Library/CloudStorage/GoogleDrive-ki95@cornell.edu/My Drive/GoodNotes/Certified Software Systems/20241017.goodnotes: resource deadlock avoided
error: failed to save /Users/kei/Library/CloudStorage/GoogleDrive-ki95@cornell.edu/My Drive/GoodNotes/Certified Software Systems/20241017.pdf: read /Users/kei/Library/CloudStorage/GoogleDrive-ki95@cornell.edu/My Drive/GoodNotes/Certified Software Systems/20241017.pdf: resource deadlock avoided
error: failed to save /Users/kei/Library/CloudStorage/GoogleDrive-ki95@cornell.edu/My Drive/GoodNotes/Certified Software Systems/20241024.goodnotes: read /Users/kei/Library/CloudStorage/GoogleDrive-ki95@cornell.edu/My Drive/GoodNotes/Certified Software Systems/20241024.goodnotes: resource deadlock avoided
error: failed to save /Users/kei/Library/CloudStorage/GoogleDrive-ki95@cornell.edu/My Drive/GoodNotes/Certified Software Systems/20241024.pdf: read /Users/kei/Library/CloudStorage/GoogleDrive-ki95@cornell.edu/My Drive/GoodNotes/Certified Software Systems/20241024.pdf: resource deadlock avoided
error: failed to save /Users/kei/Library/CloudStorage/GoogleDrive-ki95@cornell.edu/My Drive/GoodNotes/Certified Software Systems/20241031.goodnotes: read /Users/kei/Library/CloudStorage/GoogleDrive-ki95@cornell.edu/My Drive/GoodNotes/Certified Software Systems/20241031.goodnotes: resource deadlock avoided
error: failed to save /Users/kei/Library/CloudStorage/GoogleDrive-ki95@cornell.edu/My Drive/GoodNotes/Certified Software Systems/20241031.pdf: read /Users/kei/Library/CloudStorage/GoogleDrive-ki95@cornell.edu/My Drive/GoodNotes/Certified Software Systems/20241031.pdf: resource deadlock avoided
error: failed to save /Users/kei/Library/CloudStorage/GoogleDrive-ki95@cornell.edu/My Drive/GoodNotes/Certified Software Systems/20241105.goodnotes: read /Users/kei/Library/CloudStorage/GoogleDrive-ki95@cornell.edu/My Drive/GoodNotes/Certified Software Systems/20241105.goodnotes: resource deadlock avoided
error: failed to save /Users/kei/Library/CloudStorage/GoogleDrive-ki95@cornell.edu/My Drive/GoodNotes/Certified Software Systems/20241105.pdf: read /Users/kei/Library/CloudStorage/GoogleDrive-ki95@cornell.edu/My Drive/GoodNotes/Certified Software Systems/20241105.pdf: resource deadlock avoided
error: failed to save /Users/kei/Library/CloudStorage/GoogleDrive-ki95@cornell.edu/My Drive/GoodNotes/Certified Software Systems/20241107.goodnotes: read /Users/kei/Library/CloudStorage/GoogleDrive-ki95@cornell.edu/My Drive/GoodNotes/Certified Software Systems/20241107.goodnotes: resource deadlock avoided
error: failed to save /Users/kei/Library/CloudStorage/GoogleDrive-ki95@cornell.edu/My Drive/GoodNotes/Certified Software Systems/20241107.pdf: read /Users/kei/Library/CloudStorage/GoogleDrive-ki95@cornell.edu/My Drive/GoodNotes/Certified Software Systems/20241107.pdf: resource deadlock avoided
error: failed to save /Users/kei/Library/CloudStorage/GoogleDrive-ki95@cornell.edu/My Drive/GoodNotes/Certified Software Systems/20241112.goodnotes: read /Users/kei/Library/CloudStorage/GoogleDrive-ki95@cornell.edu/My Drive/GoodNotes/Certified Software Systems/20241112.goodnotes: resource deadlock avoided
error: failed to save /Users/kei/Library/CloudStorage/GoogleDrive-ki95@cornell.edu/My Drive/GoodNotes/Certified Software Systems/20241112.pdf: read /Users/kei/Library/CloudStorage/GoogleDrive-ki95@cornell.edu/My Drive/GoodNotes/Certified Software Systems/20241112.pdf: resource deadlock avoided
error: failed to save /Users/kei/Library/CloudStorage/GoogleDrive-ki95@cornell.edu/My Drive/GoodNotes/Certified Software Systems/20241114.goodnotes: read /Users/kei/Library/CloudStorage/GoogleDrive-ki95@cornell.edu/My Drive/GoodNotes/Certified Software Systems/20241114.goodnotes: resource deadlock avoided
error: failed to save /Users/kei/Library/CloudStorage/GoogleDrive-ki95@cornell.edu/My Drive/GoodNotes/Certified Software Systems/20241114.pdf: read /Users/kei/Library/CloudStorage/GoogleDrive-ki95@cornell.edu/My Drive/GoodNotes/Certified Software Systems/20241114.pdf: resource deadlock avoided
error: failed to save /Users/kei/Library/CloudStorage/GoogleDrive-ki95@cornell.edu/My Drive/GoodNotes/Certified Software Systems/Certified Programming with Dependent Types.pdf.goodnotes: read /Users/kei/Library/CloudStorage/GoogleDrive-ki95@cornell.edu/My Drive/GoodNotes/Certified Software Systems/Certified Programming with Dependent Types.pdf.goodnotes: resource deadlock avoided
error: failed to save /Users/kei/Library/CloudStorage/GoogleDrive-ki95@cornell.edu/My Drive/GoodNotes/Certified Software Systems/Certified Programming with Dependent Types.pdf.pdf: read /Users/kei/Library/CloudStorage/GoogleDrive-ki95@cornell.edu/My Drive/GoodNotes/Certified Software Systems/Certified Programming with Dependent Types.pdf.pdf: resource deadlock avoided
error: failed to save /Users/kei/Library/CloudStorage/GoogleDrive-ki95@cornell.edu/My Drive/GoodNotes/Certified Software Systems/Lecture 03.goodnotes: read /Users/kei/Library/CloudStorage/GoogleDrive-ki95@cornell.edu/My Drive/GoodNotes/Certified Software Systems/Lecture 03.goodnotes: resource deadlock avoided
error: failed to save /Users/kei/Library/CloudStorage/GoogleDrive-ki95@cornell.edu/My Drive/GoodNotes/Certified Software Systems/Lecture 03.pdf: read /Users/kei/Library/CloudStorage/GoogleDrive-ki95@cornell.edu/My Drive/GoodNotes/Certified Software Systems/Lecture 03.pdf: resource deadlock avoided
error: failed to save /Users/kei/Library/CloudStorage/GoogleDrive-ki95@cornell.edu/My Drive/GoodNotes/Certified Software Systems/Lecture 04.goodnotes: read /Users/kei/Library/CloudStorage/GoogleDrive-ki95@cornell.edu/My Drive/GoodNotes/Certified Software Systems/Lecture 04.goodnotes: resource deadlock avoided
error: failed to save /Users/kei/Library/CloudStorage/GoogleDrive-ki95@cornell.edu/My Drive/GoodNotes/Certified Software Systems/Lecture 04.pdf: read /Users/kei/Library/CloudStorage/GoogleDrive-ki95@cornell.edu/My Drive/GoodNotes/Certified Software Systems/Lecture 04.pdf: resource deadlock avoided
error: failed to save /Users/kei/Library/CloudStorage/GoogleDrive-ki95@cornell.edu/My Drive/GoodNotes/Certified Software Systems/Lecture 05.goodnotes: read /Users/kei/Library/CloudStorage/GoogleDrive-ki95@cornell.edu/My Drive/GoodNotes/Certified Software Systems/Lecture 05.goodnotes: resource deadlock avoided
error: failed to save /Users/kei/Library/CloudStorage/GoogleDrive-ki95@cornell.edu/My Drive/GoodNotes/Certified Software Systems/Lecture 05.pdf: read /Users/kei/Library/CloudStorage/GoogleDrive-ki95@cornell.edu/My Drive/GoodNotes/Certified Software Systems/Lecture 05.pdf: resource deadlock avoided
error: failed to save /Users/kei/Library/CloudStorage/GoogleDrive-ki95@cornell.edu/My Drive/GoodNotes/Certified Software Systems/Lecture 08.goodnotes: read /Users/kei/Library/CloudStorage/GoogleDrive-ki95@cornell.edu/My Drive/GoodNotes/Certified Software Systems/Lecture 08.goodnotes: resource deadlock avoided
error: failed to save /Users/kei/Library/CloudStorage/GoogleDrive-ki95@cornell.edu/My Drive/GoodNotes/Certified Software Systems/Lecture 08.pdf: read /Users/kei/Library/CloudStorage/GoogleDrive-ki95@cornell.edu/My Drive/GoodNotes/Certified Software Systems/Lecture 08.pdf: resource deadlock avoided
error: failed to save /Users/kei/Library/CloudStorage/GoogleDrive-ki95@cornell.edu/My Drive/GoodNotes/Certified Software Systems/Lecture 09.goodnotes: read /Users/kei/Library/CloudStorage/GoogleDrive-ki95@cornell.edu/My Drive/GoodNotes/Certified Software Systems/Lecture 09.goodnotes: resource deadlock avoided
error: failed to save /Users/kei/Library/CloudStorage/GoogleDrive-ki95@cornell.edu/My Drive/GoodNotes/Certified Software Systems/Lecture 09.pdf: read /Users/kei/Library/CloudStorage/GoogleDrive-ki95@cornell.edu/My Drive/GoodNotes/Certified Software Systems/Lecture 09.pdf: resource deadlock avoided
error: failed to save /Users/kei/Library/CloudStorage/GoogleDrive-ki95@cornell.edu/My Drive/GoodNotes/Certified Software Systems/Lecture 10.goodnotes: read /Users/kei/Library/CloudStorage/GoogleDrive-ki95@cornell.edu/My Drive/GoodNotes/Certified Software Systems/Lecture 10.goodnotes: resource deadlock avoided
error: failed to save /Users/kei/Library/CloudStorage/GoogleDrive-ki95@cornell.edu/My Drive/GoodNotes/Certified Software Systems/Lecture 10.pdf: read /Users/kei/Library/CloudStorage/GoogleDrive-ki95@cornell.edu/My Drive/GoodNotes/Certified Software Systems/Lecture 10.pdf: resource deadlock avoided
error: failed to save /Users/kei/Library/CloudStorage/GoogleDrive-ki95@cornell.edu/My Drive/GoodNotes/Certified Software Systems/Lecture 13.goodnotes: read /Users/kei/Library/CloudStorage/GoogleDrive-ki95@cornell.edu/My Drive/GoodNotes/Certified Software Systems/Lecture 13.goodnotes: resource deadlock avoided
error: failed to save /Users/kei/Library/CloudStorage/GoogleDrive-ki95@cornell.edu/My Drive/GoodNotes/Certified Software Systems/Lecture 13.pdf: read /Users/kei/Library/CloudStorage/GoogleDrive-ki95@cornell.edu/My Drive/GoodNotes/Certified Software Systems/Lecture 13.pdf: resource deadlock avoided
error: failed to save /Users/kei/Library/CloudStorage/GoogleDrive-ki95@cornell.edu/My Drive/GoodNotes/Certified Software Systems/Lecture 14.goodnotes: read /Users/kei/Library/CloudStorage/GoogleDrive-ki95@cornell.edu/My Drive/GoodNotes/Certified Software Systems/Lecture 14.goodnotes: resource deadlock avoided
error: failed to save /Users/kei/Library/CloudStorage/GoogleDrive-ki95@cornell.edu/My Drive/GoodNotes/Certified Software Systems/Lecture 14.pdf: read /Users/kei/Library/CloudStorage/GoogleDrive-ki95@cornell.edu/My Drive/GoodNotes/Certified Software Systems/Lecture 14.pdf: resource deadlock avoided
error: failed to save /Users/kei/Library/CloudStorage/GoogleDrive-ki95@cornell.edu/My Drive/GoodNotes/Certified Software Systems/Lecture 16.goodnotes: read /Users/kei/Library/CloudStorage/GoogleDrive-ki95@cornell.edu/My Drive/GoodNotes/Certified Software Systems/Lecture 16.goodnotes: resource deadlock avoided
error: failed to save /Users/kei/Library/CloudStorage/GoogleDrive-ki95@cornell.edu/My Drive/GoodNotes/Certified Software Systems/Lecture 16.pdf: read /Users/kei/Library/CloudStorage/GoogleDrive-ki95@cornell.edu/My Drive/GoodNotes/Certified Software Systems/Lecture 16.pdf: resource deadlock avoided
error: failed to save /Users/kei/Library/CloudStorage/GoogleDrive-ki95@cornell.edu/My Drive/GoodNotes/Certified Software Systems/Lecture 18.goodnotes: read /Users/kei/Library/CloudStorage/GoogleDrive-ki95@cornell.edu/My Drive/GoodNotes/Certified Software Systems/Lecture 18.goodnotes: resource deadlock avoided
error: failed to save /Users/kei/Library/CloudStorage/GoogleDrive-ki95@cornell.edu/My Drive/GoodNotes/Certified Software Systems/Lecture 18.pdf: read /Users/kei/Library/CloudStorage/GoogleDrive-ki95@cornell.edu/My Drive/GoodNotes/Certified Software Systems/Lecture 18.pdf: resource deadlock avoided
error: failed to save /Users/kei/Library/CloudStorage/GoogleDrive-ki95@cornell.edu/My Drive/GoodNotes/Certified Software Systems/Lecture 26.pdf.goodnotes: read /Users/kei/Library/CloudStorage/GoogleDrive-ki95@cornell.edu/My Drive/GoodNotes/Certified Software Systems/Lecture 26.pdf.goodnotes: resource deadlock avoided
error: failed to save /Users/kei/Library/CloudStorage/GoogleDrive-ki95@cornell.edu/My Drive/GoodNotes/Certified Software Systems/Lecture 26.pdf.pdf: read /Users/kei/Library/CloudStorage/GoogleDrive-ki95@cornell.edu/My Drive/GoodNotes/Certified Software Systems/Lecture 26.pdf.pdf: resource deadlock avoided
error: failed to save /Users/kei/Library/CloudStorage/GoogleDrive-ki95@cornell.edu/My Drive/GoodNotes/Formal Methods for Robotics/Lecture Notes/20240827.goodnotes: read /Users/kei/Library/CloudStorage/GoogleDrive-ki95@cornell.edu/My Drive/GoodNotes/Formal Methods for Robotics/Lecture Notes/20240827.goodnotes: resource deadlock avoided
error: failed to save /Users/kei/Library/CloudStorage/GoogleDrive-ki95@cornell.edu/My Drive/GoodNotes/Formal Methods for Robotics/Lecture Notes/20240827.pdf: read /Users/kei/Library/CloudStorage/GoogleDrive-ki95@cornell.edu/My Drive/GoodNotes/Formal Methods for Robotics/Lecture Notes/20240827.pdf: resource deadlock avoided
error: failed to save /Users/kei/Library/CloudStorage/GoogleDrive-ki95@cornell.edu/My Drive/GoodNotes/Formal Methods for Robotics/Lecture Notes/20240829.goodnotes: read /Users/kei/Library/CloudStorage/GoogleDrive-ki95@cornell.edu/My Drive/GoodNotes/Formal Methods for Robotics/Lecture Notes/20240829.goodnotes: resource deadlock avoided
error: failed to save /Users/kei/Library/CloudStorage/GoogleDrive-ki95@cornell.edu/My Drive/GoodNotes/Formal Methods for Robotics/Lecture Notes/20240829.pdf: read /Users/kei/Library/CloudStorage/GoogleDrive-ki95@cornell.edu/My Drive/GoodNotes/Formal Methods for Robotics/Lecture Notes/20240829.pdf: resource deadlock avoided
error: failed to save /Users/kei/Library/CloudStorage/GoogleDrive-ki95@cornell.edu/My Drive/GoodNotes/Formal Methods for Robotics/Lecture Notes/20240903.goodnotes: read /Users/kei/Library/CloudStorage/GoogleDrive-ki95@cornell.edu/My Drive/GoodNotes/Formal Methods for Robotics/Lecture Notes/20240903.goodnotes: resource deadlock avoided
error: failed to save /Users/kei/Library/CloudStorage/GoogleDrive-ki95@cornell.edu/My Drive/GoodNotes/Formal Methods for Robotics/Lecture Notes/20240903.pdf: read /Users/kei/Library/CloudStorage/GoogleDrive-ki95@cornell.edu/My Drive/GoodNotes/Formal Methods for Robotics/Lecture Notes/20240903.pdf: resource deadlock avoided
error: failed to save /Users/kei/Library/CloudStorage/GoogleDrive-ki95@cornell.edu/My Drive/GoodNotes/Formal Methods for Robotics/Lecture Notes/20240905.goodnotes: read /Users/kei/Library/CloudStorage/GoogleDrive-ki95@cornell.edu/My Drive/GoodNotes/Formal Methods for Robotics/Lecture Notes/20240905.goodnotes: resource deadlock avoided
error: failed to save /Users/kei/Library/CloudStorage/GoogleDrive-ki95@cornell.edu/My Drive/GoodNotes/Formal Methods for Robotics/Lecture Notes/20240905.pdf: read /Users/kei/Library/CloudStorage/GoogleDrive-ki95@cornell.edu/My Drive/GoodNotes/Formal Methods for Robotics/Lecture Notes/20240905.pdf: resource deadlock avoided
error: failed to save /Users/kei/Library/CloudStorage/GoogleDrive-ki95@cornell.edu/My Drive/GoodNotes/Formal Methods for Robotics/Lecture Notes/20240910.goodnotes: read /Users/kei/Library/CloudStorage/GoogleDrive-ki95@cornell.edu/My Drive/GoodNotes/Formal Methods for Robotics/Lecture Notes/20240910.goodnotes: resource deadlock avoided
error: failed to save /Users/kei/Library/CloudStorage/GoogleDrive-ki95@cornell.edu/My Drive/GoodNotes/Formal Methods for Robotics/Lecture Notes/20240910.pdf: read /Users/kei/Library/CloudStorage/GoogleDrive-ki95@cornell.edu/My Drive/GoodNotes/Formal Methods for Robotics/Lecture Notes/20240910.pdf: resource deadlock avoided
error: failed to save /Users/kei/Library/CloudStorage/GoogleDrive-ki95@cornell.edu/My Drive/GoodNotes/Formal Methods for Robotics/Lecture Notes/20240917.goodnotes: read /Users/kei/Library/CloudStorage/GoogleDrive-ki95@cornell.edu/My Drive/GoodNotes/Formal Methods for Robotics/Lecture Notes/20240917.goodnotes: resource deadlock avoided
error: failed to save /Users/kei/Library/CloudStorage/GoogleDrive-ki95@cornell.edu/My Drive/GoodNotes/Formal Methods for Robotics/Lecture Notes/20240917.pdf: read /Users/kei/Library/CloudStorage/GoogleDrive-ki95@cornell.edu/My Drive/GoodNotes/Formal Methods for Robotics/Lecture Notes/20240917.pdf: resource deadlock avoided
error: failed to save /Users/kei/Library/CloudStorage/GoogleDrive-ki95@cornell.edu/My Drive/GoodNotes/Formal Methods for Robotics/Lecture Notes/20240919.goodnotes: read /Users/kei/Library/CloudStorage/GoogleDrive-ki95@cornell.edu/My Drive/GoodNotes/Formal Methods for Robotics/Lecture Notes/20240919.goodnotes: resource deadlock avoided
error: failed to save /Users/kei/Library/CloudStorage/GoogleDrive-ki95@cornell.edu/My Drive/GoodNotes/Formal Methods for Robotics/Lecture Notes/20240919.pdf: read /Users/kei/Library/CloudStorage/GoogleDrive-ki95@cornell.edu/My Drive/GoodNotes/Formal Methods for Robotics/Lecture Notes/20240919.pdf: resource deadlock avoided
error: failed to save /Users/kei/Library/CloudStorage/GoogleDrive-ki95@cornell.edu/My Drive/GoodNotes/Formal Methods for Robotics/Lecture Notes/20240924.goodnotes: read /Users/kei/Library/CloudStorage/GoogleDrive-ki95@cornell.edu/My Drive/GoodNotes/Formal Methods for Robotics/Lecture Notes/20240924.goodnotes: resource deadlock avoided
error: failed to save /Users/kei/Library/CloudStorage/GoogleDrive-ki95@cornell.edu/My Drive/GoodNotes/Formal Methods for Robotics/Lecture Notes/20240924.pdf: read /Users/kei/Library/CloudStorage/GoogleDrive-ki95@cornell.edu/My Drive/GoodNotes/Formal Methods for Robotics/Lecture Notes/20240924.pdf: resource deadlock avoided
error: failed to save /Users/kei/Library/CloudStorage/GoogleDrive-ki95@cornell.edu/My Drive/GoodNotes/Formal Methods for Robotics/Lecture Notes/20240926.goodnotes: read /Users/kei/Library/CloudStorage/GoogleDrive-ki95@cornell.edu/My Drive/GoodNotes/Formal Methods for Robotics/Lecture Notes/20240926.goodnotes: resource deadlock avoided
error: failed to save /Users/kei/Library/CloudStorage/GoogleDrive-ki95@cornell.edu/My Drive/GoodNotes/Formal Methods for Robotics/Lecture Notes/20240926.pdf: read /Users/kei/Library/CloudStorage/GoogleDrive-ki95@cornell.edu/My Drive/GoodNotes/Formal Methods for Robotics/Lecture Notes/20240926.pdf: resource deadlock avoided
error: failed to save /Users/kei/Library/CloudStorage/GoogleDrive-ki95@cornell.edu/My Drive/GoodNotes/Formal Methods for Robotics/Lecture Notes/20241001.goodnotes: read /Users/kei/Library/CloudStorage/GoogleDrive-ki95@cornell.edu/My Drive/GoodNotes/Formal Methods for Robotics/Lecture Notes/20241001.goodnotes: resource deadlock avoided
error: failed to save /Users/kei/Library/CloudStorage/GoogleDrive-ki95@cornell.edu/My Drive/GoodNotes/Formal Methods for Robotics/Lecture Notes/20241001.pdf: read /Users/kei/Library/CloudStorage/GoogleDrive-ki95@cornell.edu/My Drive/GoodNotes/Formal Methods for Robotics/Lecture Notes/20241001.pdf: resource deadlock avoided
error: failed to save /Users/kei/Library/CloudStorage/GoogleDrive-ki95@cornell.edu/My Drive/GoodNotes/Formal Methods for Robotics/Lecture Notes/20241003.goodnotes: read /Users/kei/Library/CloudStorage/GoogleDrive-ki95@cornell.edu/My Drive/GoodNotes/Formal Methods for Robotics/Lecture Notes/20241003.goodnotes: resource deadlock avoided
error: failed to save /Users/kei/Library/CloudStorage/GoogleDrive-ki95@cornell.edu/My Drive/GoodNotes/Formal Methods for Robotics/Lecture Notes/20241003.pdf: read /Users/kei/Library/CloudStorage/GoogleDrive-ki95@cornell.edu/My Drive/GoodNotes/Formal Methods for Robotics/Lecture Notes/20241003.pdf: resource deadlock avoided
error: failed to save /Users/kei/Library/CloudStorage/GoogleDrive-ki95@cornell.edu/My Drive/GoodNotes/Formal Methods for Robotics/Lecture Notes/20241008.goodnotes: read /Users/kei/Library/CloudStorage/GoogleDrive-ki95@cornell.edu/My Drive/GoodNotes/Formal Methods for Robotics/Lecture Notes/20241008.goodnotes: resource deadlock avoided
error: failed to save /Users/kei/Library/CloudStorage/GoogleDrive-ki95@cornell.edu/My Drive/GoodNotes/Formal Methods for Robotics/Lecture Notes/20241008.pdf: read /Users/kei/Library/CloudStorage/GoogleDrive-ki95@cornell.edu/My Drive/GoodNotes/Formal Methods for Robotics/Lecture Notes/20241008.pdf: resource deadlock avoided
error: failed to save /Users/kei/Library/CloudStorage/GoogleDrive-ki95@cornell.edu/My Drive/GoodNotes/Formal Methods for Robotics/Lecture Notes/20241010.goodnotes: read /Users/kei/Library/CloudStorage/GoogleDrive-ki95@cornell.edu/My Drive/GoodNotes/Formal Methods for Robotics/Lecture Notes/20241010.goodnotes: resource deadlock avoided
error: failed to save /Users/kei/Library/CloudStorage/GoogleDrive-ki95@cornell.edu/My Drive/GoodNotes/Formal Methods for Robotics/Lecture Notes/20241010.pdf: read /Users/kei/Library/CloudStorage/GoogleDrive-ki95@cornell.edu/My Drive/GoodNotes/Formal Methods for Robotics/Lecture Notes/20241010.pdf: resource deadlock avoided
error: failed to save /Users/kei/Library/CloudStorage/GoogleDrive-ki95@cornell.edu/My Drive/GoodNotes/Formal Methods for Robotics/Lecture Notes/20241017.goodnotes: read /Users/kei/Library/CloudStorage/GoogleDrive-ki95@cornell.edu/My Drive/GoodNotes/Formal Methods for Robotics/Lecture Notes/20241017.goodnotes: resource deadlock avoided
error: failed to save /Users/kei/Library/CloudStorage/GoogleDrive-ki95@cornell.edu/My Drive/GoodNotes/Formal Methods for Robotics/Lecture Notes/20241017.pdf: read /Users/kei/Library/CloudStorage/GoogleDrive-ki95@cornell.edu/My Drive/GoodNotes/Formal Methods for Robotics/Lecture Notes/20241017.pdf: resource deadlock avoided
error: failed to save /Users/kei/Library/CloudStorage/GoogleDrive-ki95@cornell.edu/My Drive/GoodNotes/Formal Methods for Robotics/Lecture Notes/20241022.goodnotes: read /Users/kei/Library/CloudStorage/GoogleDrive-ki95@cornell.edu/My Drive/GoodNotes/Formal Methods for Robotics/Lecture Notes/20241022.goodnotes: resource deadlock avoided
error: failed to save /Users/kei/Library/CloudStorage/GoogleDrive-ki95@cornell.edu/My Drive/GoodNotes/Formal Methods for Robotics/Lecture Notes/20241022.pdf: read /Users/kei/Library/CloudStorage/GoogleDrive-ki95@cornell.edu/My Drive/GoodNotes/Formal Methods for Robotics/Lecture Notes/20241022.pdf: resource deadlock avoided
error: failed to save /Users/kei/Library/CloudStorage/GoogleDrive-ki95@cornell.edu/My Drive/GoodNotes/Formal Methods for Robotics/Lecture Notes/20241029.goodnotes: read /Users/kei/Library/CloudStorage/GoogleDrive-ki95@cornell.edu/My Drive/GoodNotes/Formal Methods for Robotics/Lecture Notes/20241029.goodnotes: resource deadlock avoided
error: failed to save /Users/kei/Library/CloudStorage/GoogleDrive-ki95@cornell.edu/My Drive/GoodNotes/Formal Methods for Robotics/Lecture Notes/20241029.pdf: read /Users/kei/Library/CloudStorage/GoogleDrive-ki95@cornell.edu/My Drive/GoodNotes/Formal Methods for Robotics/Lecture Notes/20241029.pdf: resource deadlock avoided
error: failed to save /Users/kei/Library/CloudStorage/GoogleDrive-ki95@cornell.edu/My Drive/GoodNotes/Formal Methods for Robotics/Lecture Notes/20241031.goodnotes: read /Users/kei/Library/CloudStorage/GoogleDrive-ki95@cornell.edu/My Drive/GoodNotes/Formal Methods for Robotics/Lecture Notes/20241031.goodnotes: resource deadlock avoided
error: failed to save /Users/kei/Library/CloudStorage/GoogleDrive-ki95@cornell.edu/My Drive/GoodNotes/Formal Methods for Robotics/Lecture Notes/20241031.pdf: read /Users/kei/Library/CloudStorage/GoogleDrive-ki95@cornell.edu/My Drive/GoodNotes/Formal Methods for Robotics/Lecture Notes/20241031.pdf: resource deadlock avoided
error: failed to save /Users/kei/Library/CloudStorage/GoogleDrive-ki95@cornell.edu/My Drive/GoodNotes/Formal Methods for Robotics/Lecture Notes/20241105.goodnotes: read /Users/kei/Library/CloudStorage/GoogleDrive-ki95@cornell.edu/My Drive/GoodNotes/Formal Methods for Robotics/Lecture Notes/20241105.goodnotes: resource deadlock avoided
error: failed to save /Users/kei/Library/CloudStorage/GoogleDrive-ki95@cornell.edu/My Drive/GoodNotes/Formal Methods for Robotics/Lecture Notes/20241105.pdf: read /Users/kei/Library/CloudStorage/GoogleDrive-ki95@cornell.edu/My Drive/GoodNotes/Formal Methods for Robotics/Lecture Notes/20241105.pdf: resource deadlock avoided
error: failed to save /Users/kei/Library/CloudStorage/GoogleDrive-ki95@cornell.edu/My Drive/GoodNotes/Formal Methods for Robotics/Lecture Notes/20241114.goodnotes: read /Users/kei/Library/CloudStorage/GoogleDrive-ki95@cornell.edu/My Drive/GoodNotes/Formal Methods for Robotics/Lecture Notes/20241114.goodnotes: resource deadlock avoided
error: failed to save /Users/kei/Library/CloudStorage/GoogleDrive-ki95@cornell.edu/My Drive/GoodNotes/Formal Methods for Robotics/Lecture Notes/20241114.pdf: read /Users/kei/Library/CloudStorage/GoogleDrive-ki95@cornell.edu/My Drive/GoodNotes/Formal Methods for Robotics/Lecture Notes/20241114.pdf: resource deadlock avoided
error: failed to save /Users/kei/Library/CloudStorage/GoogleDrive-ki95@cornell.edu/My Drive/GoodNotes/Formal Methods for Robotics/Lecture Notes/20241119.goodnotes: read /Users/kei/Library/CloudStorage/GoogleDrive-ki95@cornell.edu/My Drive/GoodNotes/Formal Methods for Robotics/Lecture Notes/20241119.goodnotes: resource deadlock avoided
error: failed to save /Users/kei/Library/CloudStorage/GoogleDrive-ki95@cornell.edu/My Drive/GoodNotes/Formal Methods for Robotics/Lecture Notes/20241119.pdf: read /Users/kei/Library/CloudStorage/GoogleDrive-ki95@cornell.edu/My Drive/GoodNotes/Formal Methods for Robotics/Lecture Notes/20241119.pdf: resource deadlock avoided
error: failed to save /Users/kei/Library/CloudStorage/GoogleDrive-ki95@cornell.edu/My Drive/GoodNotes/Formal Methods for Robotics/Lecture Notes/20241121.goodnotes: read /Users/kei/Library/CloudStorage/GoogleDrive-ki95@cornell.edu/My Drive/GoodNotes/Formal Methods for Robotics/Lecture Notes/20241121.goodnotes: resource deadlock avoided
error: failed to save /Users/kei/Library/CloudStorage/GoogleDrive-ki95@cornell.edu/My Drive/GoodNotes/Formal Methods for Robotics/Lecture Notes/20241121.pdf: read /Users/kei/Library/CloudStorage/GoogleDrive-ki95@cornell.edu/My Drive/GoodNotes/Formal Methods for Robotics/Lecture Notes/20241121.pdf: resource deadlock avoided
error: readdirnames /Users/kei/Library/CloudStorage/GoogleDrive-ki95@cornell.edu/My Drive/GoodNotes/GRFP failed: fdopendir /Users/kei/Library/CloudStorage/GoogleDrive-ki95@cornell.edu/My Drive/GoodNotes/GRFP: resource deadlock avoided
error: readdirnames /Users/kei/Library/CloudStorage/GoogleDrive-ki95@cornell.edu/My Drive/GoodNotes/Great Works in PL failed: fdopendir /Users/kei/Library/CloudStorage/GoogleDrive-ki95@cornell.edu/My Drive/GoodNotes/Great Works in PL: resource deadlock avoided
error: failed to save /Users/kei/Library/CloudStorage/GoogleDrive-ki95@cornell.edu/My Drive/GoodNotes/Formal Methods for Robotics/20241112.goodnotes: read /Users/kei/Library/CloudStorage/GoogleDrive-ki95@cornell.edu/My Drive/GoodNotes/Formal Methods for Robotics/20241112.goodnotes: resource deadlock avoided
error: failed to save /Users/kei/Library/CloudStorage/GoogleDrive-ki95@cornell.edu/My Drive/GoodNotes/Formal Methods for Robotics/20241112.pdf: read /Users/kei/Library/CloudStorage/GoogleDrive-ki95@cornell.edu/My Drive/GoodNotes/Formal Methods for Robotics/20241112.pdf: resource deadlock avoided
error: failed to save /Users/kei/Library/CloudStorage/GoogleDrive-ki95@cornell.edu/My Drive/GoodNotes/Formal Methods for Robotics/Hybrid Systems- Modeling, Analysis and Control.goodnotes: read /Users/kei/Library/CloudStorage/GoogleDrive-ki95@cornell.edu/My Drive/GoodNotes/Formal Methods for Robotics/Hybrid Systems- Modeling, Analysis and Control.goodnotes: resource deadlock avoided
error: failed to save /Users/kei/Library/CloudStorage/GoogleDrive-ki95@cornell.edu/My Drive/GoodNotes/Formal Methods for Robotics/Hybrid Systems- Modeling, Analysis and Control.pdf: read /Users/kei/Library/CloudStorage/GoogleDrive-ki95@cornell.edu/My Drive/GoodNotes/Formal Methods for Robotics/Hybrid Systems- Modeling, Analysis and Control.pdf: resource deadlock avoided
error: failed to save /Users/kei/Library/CloudStorage/GoogleDrive-ki95@cornell.edu/My Drive/GoodNotes/Formal Methods for Robotics/MAE6770syllabus2024.goodnotes: read /Users/kei/Library/CloudStorage/GoogleDrive-ki95@cornell.edu/My Drive/GoodNotes/Formal Methods for Robotics/MAE6770syllabus2024.goodnotes: resource deadlock avoided
error: failed to save /Users/kei/Library/CloudStorage/GoogleDrive-ki95@cornell.edu/My Drive/GoodNotes/Formal Methods for Robotics/MAE6770syllabus2024.pdf: read /Users/kei/Library/CloudStorage/GoogleDrive-ki95@cornell.edu/My Drive/GoodNotes/Formal Methods for Robotics/MAE6770syllabus2024.pdf: resource deadlock avoided
error: failed to save /Users/kei/Library/CloudStorage/GoogleDrive-ki95@cornell.edu/My Drive/GoodNotes/Formal Methods for Robotics/Modeling_Exercise.goodnotes: read /Users/kei/Library/CloudStorage/GoogleDrive-ki95@cornell.edu/My Drive/GoodNotes/Formal Methods for Robotics/Modeling_Exercise.goodnotes: resource deadlock avoided
error: failed to save /Users/kei/Library/CloudStorage/GoogleDrive-ki95@cornell.edu/My Drive/GoodNotes/Formal Methods for Robotics/Modeling_Exercise.pdf: read /Users/kei/Library/CloudStorage/GoogleDrive-ki95@cornell.edu/My Drive/GoodNotes/Formal Methods for Robotics/Modeling_Exercise.pdf: resource deadlock avoided
error: readdirnames /Users/kei/Library/CloudStorage/GoogleDrive-ki95@cornell.edu/My Drive/GoodNotes/Jen failed: fdopendir /Users/kei/Library/CloudStorage/GoogleDrive-ki95@cornell.edu/My Drive/GoodNotes/Jen: resource deadlock avoided
error: readdirnames /Users/kei/Library/CloudStorage/GoogleDrive-ki95@cornell.edu/My Drive/GoodNotes/Kleene Algebra failed: fdopendir /Users/kei/Library/CloudStorage/GoogleDrive-ki95@cornell.edu/My Drive/GoodNotes/Kleene Algebra: resource deadlock avoided
error: readdirnames /Users/kei/Library/CloudStorage/GoogleDrive-ki95@cornell.edu/My Drive/GoodNotes/Linear Algebra failed: fdopendir /Users/kei/Library/CloudStorage/GoogleDrive-ki95@cornell.edu/My Drive/GoodNotes/Linear Algebra: resource deadlock avoided
error: readdirnames /Users/kei/Library/CloudStorage/GoogleDrive-ki95@cornell.edu/My Drive/GoodNotes/Nate failed: fdopendir /Users/kei/Library/CloudStorage/GoogleDrive-ki95@cornell.edu/My Drive/GoodNotes/Nate: resource deadlock avoided
error: readdirnames /Users/kei/Library/CloudStorage/GoogleDrive-ki95@cornell.edu/My Drive/GoodNotes/OPLSS failed: fdopendir /Users/kei/Library/CloudStorage/GoogleDrive-ki95@cornell.edu/My Drive/GoodNotes/OPLSS: resource deadlock avoided
error: readdirnames /Users/kei/Library/CloudStorage/GoogleDrive-ki95@cornell.edu/My Drive/GoodNotes/Orientation failed: fdopendir /Users/kei/Library/CloudStorage/GoogleDrive-ki95@cornell.edu/My Drive/GoodNotes/Orientation: resource deadlock avoided
error: readdirnames /Users/kei/Library/CloudStorage/GoogleDrive-ki95@cornell.edu/My Drive/GoodNotes/PLDG failed: fdopendir /Users/kei/Library/CloudStorage/GoogleDrive-ki95@cornell.edu/My Drive/GoodNotes/PLDG: resource deadlock avoided
error: readdirnames /Users/kei/Library/CloudStorage/GoogleDrive-ki95@cornell.edu/My Drive/GoodNotes/Probability failed: fdopendir /Users/kei/Library/CloudStorage/GoogleDrive-ki95@cornell.edu/My Drive/GoodNotes/Probability: resource deadlock avoided
error: readdirnames /Users/kei/Library/CloudStorage/GoogleDrive-ki95@cornell.edu/My Drive/GoodNotes/Program Synthesis failed: fdopendir /Users/kei/Library/CloudStorage/GoogleDrive-ki95@cornell.edu/My Drive/GoodNotes/Program Synthesis: resource deadlock avoided
error: readdirnames /Users/kei/Library/CloudStorage/GoogleDrive-ki95@cornell.edu/My Drive/GoodNotes/Runtime Verification failed: fdopendir /Users/kei/Library/CloudStorage/GoogleDrive-ki95@cornell.edu/My Drive/GoodNotes/Runtime Verification: resource deadlock avoided
error: readdirnames /Users/kei/Library/CloudStorage/GoogleDrive-ki95@cornell.edu/My Drive/GoodNotes/Succeeding in Grad Environment failed: fdopendir /Users/kei/Library/CloudStorage/GoogleDrive-ki95@cornell.edu/My Drive/GoodNotes/Succeeding in Grad Environment: resource deadlock avoided
error: readdirnames /Users/kei/Library/CloudStorage/GoogleDrive-ki95@cornell.edu/My Drive/GoodNotes/Textbook failed: fdopendir /Users/kei/Library/CloudStorage/GoogleDrive-ki95@cornell.edu/My Drive/GoodNotes/Textbook: resource deadlock avoided
error: readdirnames /Users/kei/Library/CloudStorage/GoogleDrive-ki95@cornell.edu/My Drive/GoodNotes/Theory Seminar failed: fdopendir /Users/kei/Library/CloudStorage/GoogleDrive-ki95@cornell.edu/My Drive/GoodNotes/Theory Seminar: resource deadlock avoided
error: failed to save /Users/kei/Library/CloudStorage/GoogleDrive-ki95@cornell.edu/My Drive/GoodNotes/Gym.goodnotes: read /Users/kei/Library/CloudStorage/GoogleDrive-ki95@cornell.edu/My Drive/GoodNotes/Gym.goodnotes: resource deadlock avoided
error: failed to save /Users/kei/Library/CloudStorage/GoogleDrive-ki95@cornell.edu/My Drive/GoodNotes/Gym.pdf: read /Users/kei/Library/CloudStorage/GoogleDrive-ki95@cornell.edu/My Drive/GoodNotes/Gym.pdf: resource deadlock avoided
error: failed to save /Users/kei/Library/CloudStorage/GoogleDrive-ki95@cornell.edu/My Drive/GoodNotes/Haobin Ni.goodnotes: read /Users/kei/Library/CloudStorage/GoogleDrive-ki95@cornell.edu/My Drive/GoodNotes/Haobin Ni.goodnotes: resource deadlock avoided
error: failed to save /Users/kei/Library/CloudStorage/GoogleDrive-ki95@cornell.edu/My Drive/GoodNotes/Haobin Ni.pdf: read /Users/kei/Library/CloudStorage/GoogleDrive-ki95@cornell.edu/My Drive/GoodNotes/Haobin Ni.pdf: resource deadlock avoided
error: failed to save /Users/kei/Library/CloudStorage/GoogleDrive-ki95@cornell.edu/My Drive/GoodNotes/Hello Kei.goodnotes: read /Users/kei/Library/CloudStorage/GoogleDrive-ki95@cornell.edu/My Drive/GoodNotes/Hello Kei.goodnotes: resource deadlock avoided
error: failed to save /Users/kei/Library/CloudStorage/GoogleDrive-ki95@cornell.edu/My Drive/GoodNotes/Hello Kei.pdf: read /Users/kei/Library/CloudStorage/GoogleDrive-ki95@cornell.edu/My Drive/GoodNotes/Hello Kei.pdf: resource deadlock avoided
error: failed to save /Users/kei/Library/CloudStorage/GoogleDrive-ki95@cornell.edu/My Drive/GoodNotes/ICML SPIGM 5.27.24 Afternoon Draft.goodnotes: read /Users/kei/Library/CloudStorage/GoogleDrive-ki95@cornell.edu/My Drive/GoodNotes/ICML SPIGM 5.27.24 Afternoon Draft.goodnotes: resource deadlock avoided
error: failed to save /Users/kei/Library/CloudStorage/GoogleDrive-ki95@cornell.edu/My Drive/GoodNotes/ICML SPIGM 5.27.24 Afternoon Draft.pdf: read /Users/kei/Library/CloudStorage/GoogleDrive-ki95@cornell.edu/My Drive/GoodNotes/ICML SPIGM 5.27.24 Afternoon Draft.pdf: resource deadlock avoided
error: failed to save /Users/kei/Library/CloudStorage/GoogleDrive-ki95@cornell.edu/My Drive/GoodNotes/Impact Week Survey.goodnotes: read /Users/kei/Library/CloudStorage/GoogleDrive-ki95@cornell.edu/My Drive/GoodNotes/Impact Week Survey.goodnotes: resource deadlock avoided
error: failed to save /Users/kei/Library/CloudStorage/GoogleDrive-ki95@cornell.edu/My Drive/GoodNotes/Impact Week Survey.pdf: read /Users/kei/Library/CloudStorage/GoogleDrive-ki95@cornell.edu/My Drive/GoodNotes/Impact Week Survey.pdf: resource deadlock avoided
error: failed to save /Users/kei/Library/CloudStorage/GoogleDrive-ki95@cornell.edu/My Drive/GoodNotes/Signed Lease - Liam And Kei.goodnotes: read /Users/kei/Library/CloudStorage/GoogleDrive-ki95@cornell.edu/My Drive/GoodNotes/Signed Lease - Liam And Kei.goodnotes: resource deadlock avoided
error: failed to save /Users/kei/Library/CloudStorage/GoogleDrive-ki95@cornell.edu/My Drive/GoodNotes/Signed Lease - Liam And Kei.pdf: read /Users/kei/Library/CloudStorage/GoogleDrive-ki95@cornell.edu/My Drive/GoodNotes/Signed Lease - Liam And Kei.pdf: resource deadlock avoided
error: failed to save /Users/kei/Library/CloudStorage/GoogleDrive-ki95@cornell.edu/My Drive/GoodNotes/TODO.goodnotes: read /Users/kei/Library/CloudStorage/GoogleDrive-ki95@cornell.edu/My Drive/GoodNotes/TODO.goodnotes: resource deadlock avoided
error: failed to save /Users/kei/Library/CloudStorage/GoogleDrive-ki95@cornell.edu/My Drive/GoodNotes/TODO.pdf: read /Users/kei/Library/CloudStorage/GoogleDrive-ki95@cornell.edu/My Drive/GoodNotes/TODO.pdf: resource deadlock avoided
error: failed to save /Users/kei/Library/CloudStorage/GoogleDrive-ki95@cornell.edu/My Drive/GoodNotes/cu-pay-achauth.goodnotes: read /Users/kei/Library/CloudStorage/GoogleDrive-ki95@cornell.edu/My Drive/GoodNotes/cu-pay-achauth.goodnotes: resource deadlock avoided
error: failed to save /Users/kei/Library/CloudStorage/GoogleDrive-ki95@cornell.edu/My Drive/GoodNotes/cu-pay-achauth.pdf: read /Users/kei/Library/CloudStorage/GoogleDrive-ki95@cornell.edu/My Drive/GoodNotes/cu-pay-achauth.pdf: resource deadlock avoided
error: failed to save /Users/kei/Library/CloudStorage/GoogleDrive-ki95@cornell.edu/My Drive/GoodNotes/ロ ロ.goodnotes: read /Users/kei/Library/CloudStorage/GoogleDrive-ki95@cornell.edu/My Drive/GoodNotes/ロ ロ.goodnotes: resource deadlock avoided
error: failed to save /Users/kei/Library/CloudStorage/GoogleDrive-ki95@cornell.edu/My Drive/GoodNotes/ロ ロ.pdf: read /Users/kei/Library/CloudStorage/GoogleDrive-ki95@cornell.edu/My Drive/GoodNotes/ロ ロ.pdf: resource deadlock avoided
error: readdirnames /Users/kei/Library/CloudStorage/GoogleDrive-ki95@cornell.edu/My Drive/Maplewood failed: fdopendir /Users/kei/Library/CloudStorage/GoogleDrive-ki95@cornell.edu/My Drive/Maplewood: resource deadlock avoided
error: readdirnames /Users/kei/Library/CloudStorage/GoogleDrive-ki95@cornell.edu/My Drive/NSF GRFP failed: fdopendir /Users/kei/Library/CloudStorage/GoogleDrive-ki95@cornell.edu/My Drive/NSF GRFP: resource deadlock avoided
error: readdirnames /Users/kei/Library/CloudStorage/GoogleDrive-ki95@cornell.edu/My Drive/Nate failed: fdopendir /Users/kei/Library/CloudStorage/GoogleDrive-ki95@cornell.edu/My Drive/Nate: resource deadlock avoided
error: readdirnames /Users/kei/Library/CloudStorage/GoogleDrive-ki95@cornell.edu/My Drive/PLDG failed: fdopendir /Users/kei/Library/CloudStorage/GoogleDrive-ki95@cornell.edu/My Drive/PLDG: resource deadlock avoided
error: readdirnames /Users/kei/Library/CloudStorage/GoogleDrive-ki95@cornell.edu/My Drive/Shopping Spreadsheets failed: fdopendir /Users/kei/Library/CloudStorage/GoogleDrive-ki95@cornell.edu/My Drive/Shopping Spreadsheets: resource deadlock avoided
error: readdirnames /Users/kei/Library/CloudStorage/GoogleDrive-ki95@cornell.edu/My Drive/Trips failed: fdopendir /Users/kei/Library/CloudStorage/GoogleDrive-ki95@cornell.edu/My Drive/Trips: resource deadlock avoided
error: readdirnames /Users/kei/Library/CloudStorage/GoogleDrive-ki95@cornell.edu/My Drive/drawio failed: fdopendir /Users/kei/Library/CloudStorage/GoogleDrive-ki95@cornell.edu/My Drive/drawio: resource deadlock avoided
error: failed to save /Users/kei/Library/CloudStorage/GoogleDrive-ki95@cornell.edu/My Drive/2024 CIS Halloween.gsheet: read /Users/kei/Library/CloudStorage/GoogleDrive-ki95@cornell.edu/My Drive/2024 CIS Halloween.gsheet: resource deadlock avoided
error: failed to save /Users/kei/Library/CloudStorage/GoogleDrive-ki95@cornell.edu/My Drive/2024 Gates Hall Graduate Office FAQ.pdf: read /Users/kei/Library/CloudStorage/GoogleDrive-ki95@cornell.edu/My Drive/2024 Gates Hall Graduate Office FAQ.pdf: resource deadlock avoided
error: failed to save /Users/kei/Library/CloudStorage/GoogleDrive-ki95@cornell.edu/My Drive/CampusGroups-student_receipt.pdf: read /Users/kei/Library/CloudStorage/GoogleDrive-ki95@cornell.edu/My Drive/CampusGroups-student_receipt.pdf: resource deadlock avoided
error: failed to save /Users/kei/Library/CloudStorage/GoogleDrive-ki95@cornell.edu/My Drive/Copy of Fall 2023 First Year Appointments.gsheet: read /Users/kei/Library/CloudStorage/GoogleDrive-ki95@cornell.edu/My Drive/Copy of Fall 2023 First Year Appointments.gsheet: resource deadlock avoided
error: failed to save /Users/kei/Library/CloudStorage/GoogleDrive-ki95@cornell.edu/My Drive/Double edge razors.gsheet: read /Users/kei/Library/CloudStorage/GoogleDrive-ki95@cornell.edu/My Drive/Double edge razors.gsheet: resource deadlock avoided
error: failed to save /Users/kei/Library/CloudStorage/GoogleDrive-ki95@cornell.edu/My Drive/Graduate Minor.gsheet: read /Users/kei/Library/CloudStorage/GoogleDrive-ki95@cornell.edu/My Drive/Graduate Minor.gsheet: resource deadlock avoided
error: failed to save /Users/kei/Library/CloudStorage/GoogleDrive-ki95@cornell.edu/My Drive/IMG_4441 (1).PNG: read /Users/kei/Library/CloudStorage/GoogleDrive-ki95@cornell.edu/My Drive/IMG_4441 (1).PNG: resource deadlock avoided
error: failed to save /Users/kei/Library/CloudStorage/GoogleDrive-ki95@cornell.edu/My Drive/IMG_4441.PNG: read /Users/kei/Library/CloudStorage/GoogleDrive-ki95@cornell.edu/My Drive/IMG_4441.PNG: resource deadlock avoided
error: failed to save /Users/kei/Library/CloudStorage/GoogleDrive-ki95@cornell.edu/My Drive/Jha Brothers (Fratres jha).gslides: read /Users/kei/Library/CloudStorage/GoogleDrive-ki95@cornell.edu/My Drive/Jha Brothers (Fratres jha).gslides: resource deadlock avoided
error: failed to save /Users/kei/Library/CloudStorage/GoogleDrive-ki95@cornell.edu/My Drive/Notes - Alexandra   Kei.gdoc: read /Users/kei/Library/CloudStorage/GoogleDrive-ki95@cornell.edu/My Drive/Notes - Alexandra   Kei.gdoc: resource deadlock avoided
error: failed to save /Users/kei/Library/CloudStorage/GoogleDrive-ki95@cornell.edu/My Drive/Notes - Justin   Kei.gdoc: read /Users/kei/Library/CloudStorage/GoogleDrive-ki95@cornell.edu/My Drive/Notes - Justin   Kei.gdoc: resource deadlock avoided
error: failed to save /Users/kei/Library/CloudStorage/GoogleDrive-ki95@cornell.edu/My Drive/OPLSS Statement of Motivation.gdoc: read /Users/kei/Library/CloudStorage/GoogleDrive-ki95@cornell.edu/My Drive/OPLSS Statement of Motivation.gdoc: resource deadlock avoided
error: failed to save /Users/kei/Library/CloudStorage/GoogleDrive-ki95@cornell.edu/My Drive/Ronnie Bhaiya.gslides: read /Users/kei/Library/CloudStorage/GoogleDrive-ki95@cornell.edu/My Drive/Ronnie Bhaiya.gslides: resource deadlock avoided
error: failed to save /Users/kei/Library/CloudStorage/GoogleDrive-ki95@cornell.edu/My Drive/Transfer Request Sheet.gsheet: read /Users/kei/Library/CloudStorage/GoogleDrive-ki95@cornell.edu/My Drive/Transfer Request Sheet.gsheet: resource deadlock avoided
error: failed to save /Users/kei/Library/CloudStorage/GoogleDrive-ki95@cornell.edu/My Drive/ps.pdf: read /Users/kei/Library/CloudStorage/GoogleDrive-ki95@cornell.edu/My Drive/ps.pdf: resource deadlock avoided
Save(<data/ebcf8fb8a7>) returned error, retrying after 1.292931656s: unexpected HTTP response (500): 500 Internal Server Error
Save(<data/97ca64f9ae>) returned error, retrying after 1.06050145s: unexpected HTTP response (500): 500 Internal Server Error
Save(<data/97ca64f9ae>) operation successful after 1 retries
Save(<data/ebcf8fb8a7>) operation successful after 1 retries

Files:        9476 new,  1443 changed, 168305 unmodified
Dirs:          127 new,   864 changed, 33542 unmodified
Added to the repository: 1.258 GiB (788.561 MiB stored)

processed 179224 files, 31.856 GiB in 2:24
snapshot 599289b3 saved
Warning: at least one source file could not be read
2024/12/03 00:41:17 backup on profile 'default': exit status 3
2024/12/04 00:08:11 profile 'default': starting 'backup'
using parent snapshot 599289b3
Save(<data/1a898c8ed6>) returned error, retrying after 587.297481ms: unexpected HTTP response (500): 500 Internal Server Error
Save(<data/c577034319>) returned error, retrying after 910.765441ms: unexpected HTTP response (500): 500 Internal Server Error
Save(<data/1a898c8ed6>) operation successful after 1 retries
Save(<data/c577034319>) operation successful after 1 retries
error: open /Users/kei/Library/Biome/streams/restricted/RemindersContent/local/754359106693238: operation not permitted
error: open /Users/kei/Library/Biome/streams/restricted/ThirdPartyAppContent/local/754766813271177: operation not permitted
error: open /Users/kei/Library/Biome/streams/restricted/ThirdPartyAppContent/local/tombstone/754793820568544: operation not permitted
error: open /Users/kei/Library/Caches/com.apple.helpd/NSFileProtectionComplete/index.spotlightV3/.store.db: operation not permitted
error: open /Users/kei/Library/Caches/com.apple.helpd/NSFileProtectionCompleteUnlessOpen/index.spotlightV3/.store.db: operation not permitted
error: readdirnames /Users/kei/Library/CloudStorage/GoogleDrive-ki95@cornell.edu/.file-revisions-by-id failed: fdopendir /Users/kei/Library/CloudStorage/GoogleDrive-ki95@cornell.edu/.file-revisions-by-id: resource deadlock avoided
error: failed to save /Users/kei/Library/CloudStorage/GoogleDrive-ki95@cornell.edu/.shortcut-targets-by-id/15UXCIdVLQWJrwDzuOv_FQEpDNPMrAM1n/First year cohort photos/IMG_3285.JPG: read /Users/kei/Library/CloudStorage/GoogleDrive-ki95@cornell.edu/.shortcut-targets-by-id/15UXCIdVLQWJrwDzuOv_FQEpDNPMrAM1n/First year cohort photos/IMG_3285.JPG: resource deadlock avoided
error: failed to save /Users/kei/Library/CloudStorage/GoogleDrive-ki95@cornell.edu/.shortcut-targets-by-id/15UXCIdVLQWJrwDzuOv_FQEpDNPMrAM1n/First year cohort photos/IMG_3286.JPG: read /Users/kei/Library/CloudStorage/GoogleDrive-ki95@cornell.edu/.shortcut-targets-by-id/15UXCIdVLQWJrwDzuOv_FQEpDNPMrAM1n/First year cohort photos/IMG_3286.JPG: resource deadlock avoided
error: failed to save /Users/kei/Library/CloudStorage/GoogleDrive-ki95@cornell.edu/.shortcut-targets-by-id/15UXCIdVLQWJrwDzuOv_FQEpDNPMrAM1n/First year cohort photos/IMG_3287.JPG: read /Users/kei/Library/CloudStorage/GoogleDrive-ki95@cornell.edu/.shortcut-targets-by-id/15UXCIdVLQWJrwDzuOv_FQEpDNPMrAM1n/First year cohort photos/IMG_3287.JPG: resource deadlock avoided
error: failed to save /Users/kei/Library/CloudStorage/GoogleDrive-ki95@cornell.edu/.shortcut-targets-by-id/15UXCIdVLQWJrwDzuOv_FQEpDNPMrAM1n/First year cohort photos/IMG_3288.JPG: read /Users/kei/Library/CloudStorage/GoogleDrive-ki95@cornell.edu/.shortcut-targets-by-id/15UXCIdVLQWJrwDzuOv_FQEpDNPMrAM1n/First year cohort photos/IMG_3288.JPG: resource deadlock avoided
error: failed to save /Users/kei/Library/CloudStorage/GoogleDrive-ki95@cornell.edu/.shortcut-targets-by-id/15UXCIdVLQWJrwDzuOv_FQEpDNPMrAM1n/First year cohort photos/IMG_3289.JPG: read /Users/kei/Library/CloudStorage/GoogleDrive-ki95@cornell.edu/.shortcut-targets-by-id/15UXCIdVLQWJrwDzuOv_FQEpDNPMrAM1n/First year cohort photos/IMG_3289.JPG: resource deadlock avoided
error: failed to save /Users/kei/Library/CloudStorage/GoogleDrive-ki95@cornell.edu/.shortcut-targets-by-id/15UXCIdVLQWJrwDzuOv_FQEpDNPMrAM1n/First year cohort photos/IMG_3290.JPG: read /Users/kei/Library/CloudStorage/GoogleDrive-ki95@cornell.edu/.shortcut-targets-by-id/15UXCIdVLQWJrwDzuOv_FQEpDNPMrAM1n/First year cohort photos/IMG_3290.JPG: resource deadlock avoided
error: failed to save /Users/kei/Library/CloudStorage/GoogleDrive-ki95@cornell.edu/.shortcut-targets-by-id/15UXCIdVLQWJrwDzuOv_FQEpDNPMrAM1n/First year cohort photos/IMG_3291.JPG: read /Users/kei/Library/CloudStorage/GoogleDrive-ki95@cornell.edu/.shortcut-targets-by-id/15UXCIdVLQWJrwDzuOv_FQEpDNPMrAM1n/First year cohort photos/IMG_3291.JPG: resource deadlock avoided
error: failed to save /Users/kei/Library/CloudStorage/GoogleDrive-ki95@cornell.edu/.shortcut-targets-by-id/15UXCIdVLQWJrwDzuOv_FQEpDNPMrAM1n/First year cohort photos/IMG_3292.JPG: read /Users/kei/Library/CloudStorage/GoogleDrive-ki95@cornell.edu/.shortcut-targets-by-id/15UXCIdVLQWJrwDzuOv_FQEpDNPMrAM1n/First year cohort photos/IMG_3292.JPG: resource deadlock avoided
error: failed to save /Users/kei/Library/CloudStorage/GoogleDrive-ki95@cornell.edu/.shortcut-targets-by-id/15UXCIdVLQWJrwDzuOv_FQEpDNPMrAM1n/First year cohort photos/IMG_3293.JPG: read /Users/kei/Library/CloudStorage/GoogleDrive-ki95@cornell.edu/.shortcut-targets-by-id/15UXCIdVLQWJrwDzuOv_FQEpDNPMrAM1n/First year cohort photos/IMG_3293.JPG: resource deadlock avoided
error: failed to save /Users/kei/Library/CloudStorage/GoogleDrive-ki95@cornell.edu/.shortcut-targets-by-id/15UXCIdVLQWJrwDzuOv_FQEpDNPMrAM1n/First year cohort photos/IMG_3294.JPG: read /Users/kei/Library/CloudStorage/GoogleDrive-ki95@cornell.edu/.shortcut-targets-by-id/15UXCIdVLQWJrwDzuOv_FQEpDNPMrAM1n/First year cohort photos/IMG_3294.JPG: resource deadlock avoided
error: failed to save /Users/kei/Library/CloudStorage/GoogleDrive-ki95@cornell.edu/.shortcut-targets-by-id/15UXCIdVLQWJrwDzuOv_FQEpDNPMrAM1n/First year cohort photos/IMG_3295.JPG: read /Users/kei/Library/CloudStorage/GoogleDrive-ki95@cornell.edu/.shortcut-targets-by-id/15UXCIdVLQWJrwDzuOv_FQEpDNPMrAM1n/First year cohort photos/IMG_3295.JPG: resource deadlock avoided
error: failed to save /Users/kei/Library/CloudStorage/GoogleDrive-ki95@cornell.edu/.shortcut-targets-by-id/15UXCIdVLQWJrwDzuOv_FQEpDNPMrAM1n/First year cohort photos/IMG_3296.JPG: read /Users/kei/Library/CloudStorage/GoogleDrive-ki95@cornell.edu/.shortcut-targets-by-id/15UXCIdVLQWJrwDzuOv_FQEpDNPMrAM1n/First year cohort photos/IMG_3296.JPG: resource deadlock avoided
error: failed to save /Users/kei/Library/CloudStorage/GoogleDrive-ki95@cornell.edu/.shortcut-targets-by-id/15UXCIdVLQWJrwDzuOv_FQEpDNPMrAM1n/First year cohort photos/IMG_3297.JPG: read /Users/kei/Library/CloudStorage/GoogleDrive-ki95@cornell.edu/.shortcut-targets-by-id/15UXCIdVLQWJrwDzuOv_FQEpDNPMrAM1n/First year cohort photos/IMG_3297.JPG: resource deadlock avoided
error: failed to save /Users/kei/Library/CloudStorage/GoogleDrive-ki95@cornell.edu/.shortcut-targets-by-id/15UXCIdVLQWJrwDzuOv_FQEpDNPMrAM1n/First year cohort photos/IMG_3298.JPG: read /Users/kei/Library/CloudStorage/GoogleDrive-ki95@cornell.edu/.shortcut-targets-by-id/15UXCIdVLQWJrwDzuOv_FQEpDNPMrAM1n/First year cohort photos/IMG_3298.JPG: resource deadlock avoided
error: failed to save /Users/kei/Library/CloudStorage/GoogleDrive-ki95@cornell.edu/.shortcut-targets-by-id/15UXCIdVLQWJrwDzuOv_FQEpDNPMrAM1n/First year cohort photos/IMG_3299.JPG: read /Users/kei/Library/CloudStorage/GoogleDrive-ki95@cornell.edu/.shortcut-targets-by-id/15UXCIdVLQWJrwDzuOv_FQEpDNPMrAM1n/First year cohort photos/IMG_3299.JPG: resource deadlock avoided
error: failed to save /Users/kei/Library/CloudStorage/GoogleDrive-ki95@cornell.edu/.shortcut-targets-by-id/15UXCIdVLQWJrwDzuOv_FQEpDNPMrAM1n/First year cohort photos/IMG_3300.JPG: read /Users/kei/Library/CloudStorage/GoogleDrive-ki95@cornell.edu/.shortcut-targets-by-id/15UXCIdVLQWJrwDzuOv_FQEpDNPMrAM1n/First year cohort photos/IMG_3300.JPG: resource deadlock avoided
error: failed to save /Users/kei/Library/CloudStorage/GoogleDrive-ki95@cornell.edu/.shortcut-targets-by-id/15UXCIdVLQWJrwDzuOv_FQEpDNPMrAM1n/First year cohort photos/IMG_3301.JPG: read /Users/kei/Library/CloudStorage/GoogleDrive-ki95@cornell.edu/.shortcut-targets-by-id/15UXCIdVLQWJrwDzuOv_FQEpDNPMrAM1n/First year cohort photos/IMG_3301.JPG: resource deadlock avoided
error: failed to save /Users/kei/Library/CloudStorage/GoogleDrive-ki95@cornell.edu/.shortcut-targets-by-id/15UXCIdVLQWJrwDzuOv_FQEpDNPMrAM1n/First year cohort photos/IMG_3302.JPG: read /Users/kei/Library/CloudStorage/GoogleDrive-ki95@cornell.edu/.shortcut-targets-by-id/15UXCIdVLQWJrwDzuOv_FQEpDNPMrAM1n/First year cohort photos/IMG_3302.JPG: resource deadlock avoided
error: failed to save /Users/kei/Library/CloudStorage/GoogleDrive-ki95@cornell.edu/.shortcut-targets-by-id/15UXCIdVLQWJrwDzuOv_FQEpDNPMrAM1n/First year cohort photos/IMG_3303.JPG: read /Users/kei/Library/CloudStorage/GoogleDrive-ki95@cornell.edu/.shortcut-targets-by-id/15UXCIdVLQWJrwDzuOv_FQEpDNPMrAM1n/First year cohort photos/IMG_3303.JPG: resource deadlock avoided
error: failed to save /Users/kei/Library/CloudStorage/GoogleDrive-ki95@cornell.edu/.shortcut-targets-by-id/15UXCIdVLQWJrwDzuOv_FQEpDNPMrAM1n/First year cohort photos/IMG_3304.JPG: read /Users/kei/Library/CloudStorage/GoogleDrive-ki95@cornell.edu/.shortcut-targets-by-id/15UXCIdVLQWJrwDzuOv_FQEpDNPMrAM1n/First year cohort photos/IMG_3304.JPG: resource deadlock avoided
error: readdirnames /Users/kei/Library/CloudStorage/GoogleDrive-ki95@cornell.edu/My Drive/2025 NII Internship/2025NIIInternshipMaterials failed: fdopendir /Users/kei/Library/CloudStorage/GoogleDrive-ki95@cornell.edu/My Drive/2025 NII Internship/2025NIIInternshipMaterials: resource deadlock avoided
error: readdirnames /Users/kei/Library/CloudStorage/GoogleDrive-ki95@cornell.edu/My Drive/CS6120 failed: fdopendir /Users/kei/Library/CloudStorage/GoogleDrive-ki95@cornell.edu/My Drive/CS6120: resource deadlock avoided
error: readdirnames /Users/kei/Library/CloudStorage/GoogleDrive-ki95@cornell.edu/My Drive/CS6172 failed: fdopendir /Users/kei/Library/CloudStorage/GoogleDrive-ki95@cornell.edu/My Drive/CS6172: resource deadlock avoided
error: readdirnames /Users/kei/Library/CloudStorage/GoogleDrive-ki95@cornell.edu/My Drive/CS6412 failed: fdopendir /Users/kei/Library/CloudStorage/GoogleDrive-ki95@cornell.edu/My Drive/CS6412: resource deadlock avoided
error: failed to save /Users/kei/Library/CloudStorage/GoogleDrive-ki95@cornell.edu/My Drive/2025 NII Internship/Apartments.gsheet: read /Users/kei/Library/CloudStorage/GoogleDrive-ki95@cornell.edu/My Drive/2025 NII Internship/Apartments.gsheet: resource deadlock avoided
error: failed to save /Users/kei/Library/CloudStorage/GoogleDrive-ki95@cornell.edu/My Drive/CS6752/Paper Presentation/6770 expectations and Rubric for Paper Presentations.gdoc: read /Users/kei/Library/CloudStorage/GoogleDrive-ki95@cornell.edu/My Drive/CS6752/Paper Presentation/6770 expectations and Rubric for Paper Presentations.gdoc: resource deadlock avoided
error: failed to save /Users/kei/Library/CloudStorage/GoogleDrive-ki95@cornell.edu/My Drive/CS6752/Paper Presentation/6770 expectations and Rubric for Paper Presentations.pdf: read /Users/kei/Library/CloudStorage/GoogleDrive-ki95@cornell.edu/My Drive/CS6752/Paper Presentation/6770 expectations and Rubric for Paper Presentations.pdf: resource deadlock avoided
error: failed to save /Users/kei/Library/CloudStorage/GoogleDrive-ki95@cornell.edu/My Drive/CS6752/Paper Presentation/Brainstorm.gdoc: read /Users/kei/Library/CloudStorage/GoogleDrive-ki95@cornell.edu/My Drive/CS6752/Paper Presentation/Brainstorm.gdoc: resource deadlock avoided
error: failed to save /Users/kei/Library/CloudStorage/GoogleDrive-ki95@cornell.edu/My Drive/CS6752/Paper Presentation/Script.gdoc: read /Users/kei/Library/CloudStorage/GoogleDrive-ki95@cornell.edu/My Drive/CS6752/Paper Presentation/Script.gdoc: resource deadlock avoided
error: failed to save /Users/kei/Library/CloudStorage/GoogleDrive-ki95@cornell.edu/My Drive/CS6752/Paper Presentation/While-dt.gslides: read /Users/kei/Library/CloudStorage/GoogleDrive-ki95@cornell.edu/My Drive/CS6752/Paper Presentation/While-dt.gslides: resource deadlock avoided
error: readdirnames /Users/kei/Library/CloudStorage/GoogleDrive-ki95@cornell.edu/My Drive/CS6861 failed: fdopendir /Users/kei/Library/CloudStorage/GoogleDrive-ki95@cornell.edu/My Drive/CS6861: resource deadlock avoided
error: readdirnames /Users/kei/Library/CloudStorage/GoogleDrive-ki95@cornell.edu/My Drive/CS7194 failed: fdopendir /Users/kei/Library/CloudStorage/GoogleDrive-ki95@cornell.edu/My Drive/CS7194: resource deadlock avoided
error: failed to save /Users/kei/Library/CloudStorage/GoogleDrive-ki95@cornell.edu/My Drive/CS6752/Project Presentation Brainstorm.gdoc: read /Users/kei/Library/CloudStorage/GoogleDrive-ki95@cornell.edu/My Drive/CS6752/Project Presentation Brainstorm.gdoc: resource deadlock avoided
error: failed to save /Users/kei/Library/CloudStorage/GoogleDrive-ki95@cornell.edu/My Drive/CS6752/Script.gdoc: read /Users/kei/Library/CloudStorage/GoogleDrive-ki95@cornell.edu/My Drive/CS6752/Script.gdoc: resource deadlock avoided
error: failed to save /Users/kei/Library/CloudStorage/GoogleDrive-ki95@cornell.edu/My Drive/CS6752/Temporal While-dt.gslides: read /Users/kei/Library/CloudStorage/GoogleDrive-ki95@cornell.edu/My Drive/CS6752/Temporal While-dt.gslides: resource deadlock avoided
error: readdirnames /Users/kei/Library/CloudStorage/GoogleDrive-ki95@cornell.edu/My Drive/Discrete to Continuous failed: fdopendir /Users/kei/Library/CloudStorage/GoogleDrive-ki95@cornell.edu/My Drive/Discrete to Continuous: resource deadlock avoided
error: readdirnames /Users/kei/Library/CloudStorage/GoogleDrive-ki95@cornell.edu/My Drive/GoodNotes/A Exams failed: fdopendir /Users/kei/Library/CloudStorage/GoogleDrive-ki95@cornell.edu/My Drive/GoodNotes/A Exams: resource deadlock avoided
error: readdirnames /Users/kei/Library/CloudStorage/GoogleDrive-ki95@cornell.edu/My Drive/GoodNotes/Advanced Compilers failed: fdopendir /Users/kei/Library/CloudStorage/GoogleDrive-ki95@cornell.edu/My Drive/GoodNotes/Advanced Compilers: resource deadlock avoided
error: readdirnames /Users/kei/Library/CloudStorage/GoogleDrive-ki95@cornell.edu/My Drive/GoodNotes/Advanced Topics In Systems failed: fdopendir /Users/kei/Library/CloudStorage/GoogleDrive-ki95@cornell.edu/My Drive/GoodNotes/Advanced Topics In Systems: resource deadlock avoided
error: readdirnames /Users/kei/Library/CloudStorage/GoogleDrive-ki95@cornell.edu/My Drive/GoodNotes/Alexandra failed: fdopendir /Users/kei/Library/CloudStorage/GoogleDrive-ki95@cornell.edu/My Drive/GoodNotes/Alexandra: resource deadlock avoided
error: readdirnames /Users/kei/Library/CloudStorage/GoogleDrive-ki95@cornell.edu/My Drive/GoodNotes/B Exams failed: fdopendir /Users/kei/Library/CloudStorage/GoogleDrive-ki95@cornell.edu/My Drive/GoodNotes/B Exams: resource deadlock avoided
error: readdirnames /Users/kei/Library/CloudStorage/GoogleDrive-ki95@cornell.edu/My Drive/GoodNotes/CS Colloquium failed: fdopendir /Users/kei/Library/CloudStorage/GoogleDrive-ki95@cornell.edu/My Drive/GoodNotes/CS Colloquium: resource deadlock avoided
error: failed to save /Users/kei/Library/CloudStorage/GoogleDrive-ki95@cornell.edu/My Drive/GoodNotes/Certified Software Systems/20240827.goodnotes: read /Users/kei/Library/CloudStorage/GoogleDrive-ki95@cornell.edu/My Drive/GoodNotes/Certified Software Systems/20240827.goodnotes: resource deadlock avoided
error: readdirnames /Users/kei/Library/CloudStorage/GoogleDrive-ki95@cornell.edu/My Drive/GoodNotes/Continuous Program Verification failed: fdopendir /Users/kei/Library/CloudStorage/GoogleDrive-ki95@cornell.edu/My Drive/GoodNotes/Continuous Program Verification: resource deadlock avoided
error: failed to save /Users/kei/Library/CloudStorage/GoogleDrive-ki95@cornell.edu/My Drive/GoodNotes/Certified Software Systems/20240827.pdf: read /Users/kei/Library/CloudStorage/GoogleDrive-ki95@cornell.edu/My Drive/GoodNotes/Certified Software Systems/20240827.pdf: resource deadlock avoided
error: failed to save /Users/kei/Library/CloudStorage/GoogleDrive-ki95@cornell.edu/My Drive/GoodNotes/Certified Software Systems/20240910.goodnotes: read /Users/kei/Library/CloudStorage/GoogleDrive-ki95@cornell.edu/My Drive/GoodNotes/Certified Software Systems/20240910.goodnotes: resource deadlock avoided
error: failed to save /Users/kei/Library/CloudStorage/GoogleDrive-ki95@cornell.edu/My Drive/GoodNotes/Certified Software Systems/20240910.pdf: read /Users/kei/Library/CloudStorage/GoogleDrive-ki95@cornell.edu/My Drive/GoodNotes/Certified Software Systems/20240910.pdf: resource deadlock avoided
error: failed to save /Users/kei/Library/CloudStorage/GoogleDrive-ki95@cornell.edu/My Drive/GoodNotes/Certified Software Systems/20240912.goodnotes: read /Users/kei/Library/CloudStorage/GoogleDrive-ki95@cornell.edu/My Drive/GoodNotes/Certified Software Systems/20240912.goodnotes: resource deadlock avoided
error: failed to save /Users/kei/Library/CloudStorage/GoogleDrive-ki95@cornell.edu/My Drive/GoodNotes/Certified Software Systems/20240912.pdf: read /Users/kei/Library/CloudStorage/GoogleDrive-ki95@cornell.edu/My Drive/GoodNotes/Certified Software Systems/20240912.pdf: resource deadlock avoided
error: failed to save /Users/kei/Library/CloudStorage/GoogleDrive-ki95@cornell.edu/My Drive/GoodNotes/Certified Software Systems/20240917.goodnotes: read /Users/kei/Library/CloudStorage/GoogleDrive-ki95@cornell.edu/My Drive/GoodNotes/Certified Software Systems/20240917.goodnotes: resource deadlock avoided
error: failed to save /Users/kei/Library/CloudStorage/GoogleDrive-ki95@cornell.edu/My Drive/GoodNotes/Certified Software Systems/20240917.pdf: read /Users/kei/Library/CloudStorage/GoogleDrive-ki95@cornell.edu/My Drive/GoodNotes/Certified Software Systems/20240917.pdf: resource deadlock avoided
error: failed to save /Users/kei/Library/CloudStorage/GoogleDrive-ki95@cornell.edu/My Drive/GoodNotes/Certified Software Systems/20241001.goodnotes: read /Users/kei/Library/CloudStorage/GoogleDrive-ki95@cornell.edu/My Drive/GoodNotes/Certified Software Systems/20241001.goodnotes: resource deadlock avoided
error: failed to save /Users/kei/Library/CloudStorage/GoogleDrive-ki95@cornell.edu/My Drive/GoodNotes/Certified Software Systems/20241001.pdf: read /Users/kei/Library/CloudStorage/GoogleDrive-ki95@cornell.edu/My Drive/GoodNotes/Certified Software Systems/20241001.pdf: resource deadlock avoided
error: failed to save /Users/kei/Library/CloudStorage/GoogleDrive-ki95@cornell.edu/My Drive/GoodNotes/Certified Software Systems/20241003.goodnotes: read /Users/kei/Library/CloudStorage/GoogleDrive-ki95@cornell.edu/My Drive/GoodNotes/Certified Software Systems/20241003.goodnotes: resource deadlock avoided
error: failed to save /Users/kei/Library/CloudStorage/GoogleDrive-ki95@cornell.edu/My Drive/GoodNotes/Certified Software Systems/20241003.pdf: read /Users/kei/Library/CloudStorage/GoogleDrive-ki95@cornell.edu/My Drive/GoodNotes/Certified Software Systems/20241003.pdf: resource deadlock avoided
error: failed to save /Users/kei/Library/CloudStorage/GoogleDrive-ki95@cornell.edu/My Drive/GoodNotes/Certified Software Systems/20241017.goodnotes: read /Users/kei/Library/CloudStorage/GoogleDrive-ki95@cornell.edu/My Drive/GoodNotes/Certified Software Systems/20241017.goodnotes: resource deadlock avoided
error: failed to save /Users/kei/Library/CloudStorage/GoogleDrive-ki95@cornell.edu/My Drive/GoodNotes/Certified Software Systems/20241017.pdf: read /Users/kei/Library/CloudStorage/GoogleDrive-ki95@cornell.edu/My Drive/GoodNotes/Certified Software Systems/20241017.pdf: resource deadlock avoided
error: failed to save /Users/kei/Library/CloudStorage/GoogleDrive-ki95@cornell.edu/My Drive/GoodNotes/Certified Software Systems/20241024.goodnotes: read /Users/kei/Library/CloudStorage/GoogleDrive-ki95@cornell.edu/My Drive/GoodNotes/Certified Software Systems/20241024.goodnotes: resource deadlock avoided
error: failed to save /Users/kei/Library/CloudStorage/GoogleDrive-ki95@cornell.edu/My Drive/GoodNotes/Certified Software Systems/20241024.pdf: read /Users/kei/Library/CloudStorage/GoogleDrive-ki95@cornell.edu/My Drive/GoodNotes/Certified Software Systems/20241024.pdf: resource deadlock avoided
error: failed to save /Users/kei/Library/CloudStorage/GoogleDrive-ki95@cornell.edu/My Drive/GoodNotes/Certified Software Systems/20241031.goodnotes: read /Users/kei/Library/CloudStorage/GoogleDrive-ki95@cornell.edu/My Drive/GoodNotes/Certified Software Systems/20241031.goodnotes: resource deadlock avoided
error: failed to save /Users/kei/Library/CloudStorage/GoogleDrive-ki95@cornell.edu/My Drive/GoodNotes/Certified Software Systems/20241031.pdf: read /Users/kei/Library/CloudStorage/GoogleDrive-ki95@cornell.edu/My Drive/GoodNotes/Certified Software Systems/20241031.pdf: resource deadlock avoided
error: failed to save /Users/kei/Library/CloudStorage/GoogleDrive-ki95@cornell.edu/My Drive/GoodNotes/Certified Software Systems/20241105.goodnotes: read /Users/kei/Library/CloudStorage/GoogleDrive-ki95@cornell.edu/My Drive/GoodNotes/Certified Software Systems/20241105.goodnotes: resource deadlock avoided
error: failed to save /Users/kei/Library/CloudStorage/GoogleDrive-ki95@cornell.edu/My Drive/GoodNotes/Certified Software Systems/20241105.pdf: read /Users/kei/Library/CloudStorage/GoogleDrive-ki95@cornell.edu/My Drive/GoodNotes/Certified Software Systems/20241105.pdf: resource deadlock avoided
error: failed to save /Users/kei/Library/CloudStorage/GoogleDrive-ki95@cornell.edu/My Drive/GoodNotes/Certified Software Systems/20241107.goodnotes: read /Users/kei/Library/CloudStorage/GoogleDrive-ki95@cornell.edu/My Drive/GoodNotes/Certified Software Systems/20241107.goodnotes: resource deadlock avoided
error: failed to save /Users/kei/Library/CloudStorage/GoogleDrive-ki95@cornell.edu/My Drive/GoodNotes/Certified Software Systems/20241107.pdf: read /Users/kei/Library/CloudStorage/GoogleDrive-ki95@cornell.edu/My Drive/GoodNotes/Certified Software Systems/20241107.pdf: resource deadlock avoided
error: failed to save /Users/kei/Library/CloudStorage/GoogleDrive-ki95@cornell.edu/My Drive/GoodNotes/Certified Software Systems/20241112.goodnotes: read /Users/kei/Library/CloudStorage/GoogleDrive-ki95@cornell.edu/My Drive/GoodNotes/Certified Software Systems/20241112.goodnotes: resource deadlock avoided
error: failed to save /Users/kei/Library/CloudStorage/GoogleDrive-ki95@cornell.edu/My Drive/GoodNotes/Certified Software Systems/20241112.pdf: read /Users/kei/Library/CloudStorage/GoogleDrive-ki95@cornell.edu/My Drive/GoodNotes/Certified Software Systems/20241112.pdf: resource deadlock avoided
error: failed to save /Users/kei/Library/CloudStorage/GoogleDrive-ki95@cornell.edu/My Drive/GoodNotes/Certified Software Systems/20241114.goodnotes: read /Users/kei/Library/CloudStorage/GoogleDrive-ki95@cornell.edu/My Drive/GoodNotes/Certified Software Systems/20241114.goodnotes: resource deadlock avoided
error: failed to save /Users/kei/Library/CloudStorage/GoogleDrive-ki95@cornell.edu/My Drive/GoodNotes/Certified Software Systems/20241114.pdf: read /Users/kei/Library/CloudStorage/GoogleDrive-ki95@cornell.edu/My Drive/GoodNotes/Certified Software Systems/20241114.pdf: resource deadlock avoided
error: failed to save /Users/kei/Library/CloudStorage/GoogleDrive-ki95@cornell.edu/My Drive/GoodNotes/Certified Software Systems/20241203.goodnotes: read /Users/kei/Library/CloudStorage/GoogleDrive-ki95@cornell.edu/My Drive/GoodNotes/Certified Software Systems/20241203.goodnotes: resource deadlock avoided
error: failed to save /Users/kei/Library/CloudStorage/GoogleDrive-ki95@cornell.edu/My Drive/GoodNotes/Certified Software Systems/20241203.pdf: read /Users/kei/Library/CloudStorage/GoogleDrive-ki95@cornell.edu/My Drive/GoodNotes/Certified Software Systems/20241203.pdf: resource deadlock avoided
error: failed to save /Users/kei/Library/CloudStorage/GoogleDrive-ki95@cornell.edu/My Drive/GoodNotes/Certified Software Systems/Certified Programming with Dependent Types.pdf.goodnotes: read /Users/kei/Library/CloudStorage/GoogleDrive-ki95@cornell.edu/My Drive/GoodNotes/Certified Software Systems/Certified Programming with Dependent Types.pdf.goodnotes: resource deadlock avoided
error: failed to save /Users/kei/Library/CloudStorage/GoogleDrive-ki95@cornell.edu/My Drive/GoodNotes/Certified Software Systems/Certified Programming with Dependent Types.pdf.pdf: read /Users/kei/Library/CloudStorage/GoogleDrive-ki95@cornell.edu/My Drive/GoodNotes/Certified Software Systems/Certified Programming with Dependent Types.pdf.pdf: resource deadlock avoided
error: failed to save /Users/kei/Library/CloudStorage/GoogleDrive-ki95@cornell.edu/My Drive/GoodNotes/Certified Software Systems/Lecture 03.goodnotes: read /Users/kei/Library/CloudStorage/GoogleDrive-ki95@cornell.edu/My Drive/GoodNotes/Certified Software Systems/Lecture 03.goodnotes: resource deadlock avoided
error: failed to save /Users/kei/Library/CloudStorage/GoogleDrive-ki95@cornell.edu/My Drive/GoodNotes/Certified Software Systems/Lecture 03.pdf: read /Users/kei/Library/CloudStorage/GoogleDrive-ki95@cornell.edu/My Drive/GoodNotes/Certified Software Systems/Lecture 03.pdf: resource deadlock avoided
error: failed to save /Users/kei/Library/CloudStorage/GoogleDrive-ki95@cornell.edu/My Drive/GoodNotes/Certified Software Systems/Lecture 04.goodnotes: read /Users/kei/Library/CloudStorage/GoogleDrive-ki95@cornell.edu/My Drive/GoodNotes/Certified Software Systems/Lecture 04.goodnotes: resource deadlock avoided
error: failed to save /Users/kei/Library/CloudStorage/GoogleDrive-ki95@cornell.edu/My Drive/GoodNotes/Certified Software Systems/Lecture 04.pdf: read /Users/kei/Library/CloudStorage/GoogleDrive-ki95@cornell.edu/My Drive/GoodNotes/Certified Software Systems/Lecture 04.pdf: resource deadlock avoided
error: failed to save /Users/kei/Library/CloudStorage/GoogleDrive-ki95@cornell.edu/My Drive/GoodNotes/Certified Software Systems/Lecture 05.goodnotes: read /Users/kei/Library/CloudStorage/GoogleDrive-ki95@cornell.edu/My Drive/GoodNotes/Certified Software Systems/Lecture 05.goodnotes: resource deadlock avoided
error: failed to save /Users/kei/Library/CloudStorage/GoogleDrive-ki95@cornell.edu/My Drive/GoodNotes/Certified Software Systems/Lecture 05.pdf: read /Users/kei/Library/CloudStorage/GoogleDrive-ki95@cornell.edu/My Drive/GoodNotes/Certified Software Systems/Lecture 05.pdf: resource deadlock avoided
error: failed to save /Users/kei/Library/CloudStorage/GoogleDrive-ki95@cornell.edu/My Drive/GoodNotes/Certified Software Systems/Lecture 08.goodnotes: read /Users/kei/Library/CloudStorage/GoogleDrive-ki95@cornell.edu/My Drive/GoodNotes/Certified Software Systems/Lecture 08.goodnotes: resource deadlock avoided
error: failed to save /Users/kei/Library/CloudStorage/GoogleDrive-ki95@cornell.edu/My Drive/GoodNotes/Certified Software Systems/Lecture 08.pdf: read /Users/kei/Library/CloudStorage/GoogleDrive-ki95@cornell.edu/My Drive/GoodNotes/Certified Software Systems/Lecture 08.pdf: resource deadlock avoided
error: failed to save /Users/kei/Library/CloudStorage/GoogleDrive-ki95@cornell.edu/My Drive/GoodNotes/Certified Software Systems/Lecture 09.goodnotes: read /Users/kei/Library/CloudStorage/GoogleDrive-ki95@cornell.edu/My Drive/GoodNotes/Certified Software Systems/Lecture 09.goodnotes: resource deadlock avoided
error: failed to save /Users/kei/Library/CloudStorage/GoogleDrive-ki95@cornell.edu/My Drive/GoodNotes/Certified Software Systems/Lecture 09.pdf: read /Users/kei/Library/CloudStorage/GoogleDrive-ki95@cornell.edu/My Drive/GoodNotes/Certified Software Systems/Lecture 09.pdf: resource deadlock avoided
error: failed to save /Users/kei/Library/CloudStorage/GoogleDrive-ki95@cornell.edu/My Drive/GoodNotes/Certified Software Systems/Lecture 10.goodnotes: read /Users/kei/Library/CloudStorage/GoogleDrive-ki95@cornell.edu/My Drive/GoodNotes/Certified Software Systems/Lecture 10.goodnotes: resource deadlock avoided
error: failed to save /Users/kei/Library/CloudStorage/GoogleDrive-ki95@cornell.edu/My Drive/GoodNotes/Certified Software Systems/Lecture 10.pdf: read /Users/kei/Library/CloudStorage/GoogleDrive-ki95@cornell.edu/My Drive/GoodNotes/Certified Software Systems/Lecture 10.pdf: resource deadlock avoided
error: failed to save /Users/kei/Library/CloudStorage/GoogleDrive-ki95@cornell.edu/My Drive/GoodNotes/Certified Software Systems/Lecture 13.goodnotes: read /Users/kei/Library/CloudStorage/GoogleDrive-ki95@cornell.edu/My Drive/GoodNotes/Certified Software Systems/Lecture 13.goodnotes: resource deadlock avoided
error: failed to save /Users/kei/Library/CloudStorage/GoogleDrive-ki95@cornell.edu/My Drive/GoodNotes/Certified Software Systems/Lecture 13.pdf: read /Users/kei/Library/CloudStorage/GoogleDrive-ki95@cornell.edu/My Drive/GoodNotes/Certified Software Systems/Lecture 13.pdf: resource deadlock avoided
error: failed to save /Users/kei/Library/CloudStorage/GoogleDrive-ki95@cornell.edu/My Drive/GoodNotes/Certified Software Systems/Lecture 14.goodnotes: read /Users/kei/Library/CloudStorage/GoogleDrive-ki95@cornell.edu/My Drive/GoodNotes/Certified Software Systems/Lecture 14.goodnotes: resource deadlock avoided
error: failed to save /Users/kei/Library/CloudStorage/GoogleDrive-ki95@cornell.edu/My Drive/GoodNotes/Certified Software Systems/Lecture 14.pdf: read /Users/kei/Library/CloudStorage/GoogleDrive-ki95@cornell.edu/My Drive/GoodNotes/Certified Software Systems/Lecture 14.pdf: resource deadlock avoided
error: failed to save /Users/kei/Library/CloudStorage/GoogleDrive-ki95@cornell.edu/My Drive/GoodNotes/Certified Software Systems/Lecture 16.goodnotes: read /Users/kei/Library/CloudStorage/GoogleDrive-ki95@cornell.edu/My Drive/GoodNotes/Certified Software Systems/Lecture 16.goodnotes: resource deadlock avoided
error: failed to save /Users/kei/Library/CloudStorage/GoogleDrive-ki95@cornell.edu/My Drive/GoodNotes/Certified Software Systems/Lecture 16.pdf: read /Users/kei/Library/CloudStorage/GoogleDrive-ki95@cornell.edu/My Drive/GoodNotes/Certified Software Systems/Lecture 16.pdf: resource deadlock avoided
error: failed to save /Users/kei/Library/CloudStorage/GoogleDrive-ki95@cornell.edu/My Drive/GoodNotes/Certified Software Systems/Lecture 18.goodnotes: read /Users/kei/Library/CloudStorage/GoogleDrive-ki95@cornell.edu/My Drive/GoodNotes/Certified Software Systems/Lecture 18.goodnotes: resource deadlock avoided
error: failed to save /Users/kei/Library/CloudStorage/GoogleDrive-ki95@cornell.edu/My Drive/GoodNotes/Certified Software Systems/Lecture 18.pdf: read /Users/kei/Library/CloudStorage/GoogleDrive-ki95@cornell.edu/My Drive/GoodNotes/Certified Software Systems/Lecture 18.pdf: resource deadlock avoided
error: failed to save /Users/kei/Library/CloudStorage/GoogleDrive-ki95@cornell.edu/My Drive/GoodNotes/Certified Software Systems/Lecture 26.pdf.goodnotes: read /Users/kei/Library/CloudStorage/GoogleDrive-ki95@cornell.edu/My Drive/GoodNotes/Certified Software Systems/Lecture 26.pdf.goodnotes: resource deadlock avoided
error: failed to save /Users/kei/Library/CloudStorage/GoogleDrive-ki95@cornell.edu/My Drive/GoodNotes/Certified Software Systems/Lecture 26.pdf.pdf: read /Users/kei/Library/CloudStorage/GoogleDrive-ki95@cornell.edu/My Drive/GoodNotes/Certified Software Systems/Lecture 26.pdf.pdf: resource deadlock avoided
error: failed to save /Users/kei/Library/CloudStorage/GoogleDrive-ki95@cornell.edu/My Drive/GoodNotes/Formal Methods for Robotics/Lecture Notes/20240827.goodnotes: read /Users/kei/Library/CloudStorage/GoogleDrive-ki95@cornell.edu/My Drive/GoodNotes/Formal Methods for Robotics/Lecture Notes/20240827.goodnotes: resource deadlock avoided
error: failed to save /Users/kei/Library/CloudStorage/GoogleDrive-ki95@cornell.edu/My Drive/GoodNotes/Formal Methods for Robotics/Lecture Notes/20240827.pdf: read /Users/kei/Library/CloudStorage/GoogleDrive-ki95@cornell.edu/My Drive/GoodNotes/Formal Methods for Robotics/Lecture Notes/20240827.pdf: resource deadlock avoided
error: failed to save /Users/kei/Library/CloudStorage/GoogleDrive-ki95@cornell.edu/My Drive/GoodNotes/Formal Methods for Robotics/Lecture Notes/20240829.goodnotes: read /Users/kei/Library/CloudStorage/GoogleDrive-ki95@cornell.edu/My Drive/GoodNotes/Formal Methods for Robotics/Lecture Notes/20240829.goodnotes: resource deadlock avoided
error: failed to save /Users/kei/Library/CloudStorage/GoogleDrive-ki95@cornell.edu/My Drive/GoodNotes/Formal Methods for Robotics/Lecture Notes/20240829.pdf: read /Users/kei/Library/CloudStorage/GoogleDrive-ki95@cornell.edu/My Drive/GoodNotes/Formal Methods for Robotics/Lecture Notes/20240829.pdf: resource deadlock avoided
error: failed to save /Users/kei/Library/CloudStorage/GoogleDrive-ki95@cornell.edu/My Drive/GoodNotes/Formal Methods for Robotics/Lecture Notes/20240903.goodnotes: read /Users/kei/Library/CloudStorage/GoogleDrive-ki95@cornell.edu/My Drive/GoodNotes/Formal Methods for Robotics/Lecture Notes/20240903.goodnotes: resource deadlock avoided
error: failed to save /Users/kei/Library/CloudStorage/GoogleDrive-ki95@cornell.edu/My Drive/GoodNotes/Formal Methods for Robotics/Lecture Notes/20240903.pdf: read /Users/kei/Library/CloudStorage/GoogleDrive-ki95@cornell.edu/My Drive/GoodNotes/Formal Methods for Robotics/Lecture Notes/20240903.pdf: resource deadlock avoided
error: failed to save /Users/kei/Library/CloudStorage/GoogleDrive-ki95@cornell.edu/My Drive/GoodNotes/Formal Methods for Robotics/Lecture Notes/20240905.goodnotes: read /Users/kei/Library/CloudStorage/GoogleDrive-ki95@cornell.edu/My Drive/GoodNotes/Formal Methods for Robotics/Lecture Notes/20240905.goodnotes: resource deadlock avoided
error: failed to save /Users/kei/Library/CloudStorage/GoogleDrive-ki95@cornell.edu/My Drive/GoodNotes/Formal Methods for Robotics/Lecture Notes/20240905.pdf: read /Users/kei/Library/CloudStorage/GoogleDrive-ki95@cornell.edu/My Drive/GoodNotes/Formal Methods for Robotics/Lecture Notes/20240905.pdf: resource deadlock avoided
error: failed to save /Users/kei/Library/CloudStorage/GoogleDrive-ki95@cornell.edu/My Drive/GoodNotes/Formal Methods for Robotics/Lecture Notes/20240910.goodnotes: read /Users/kei/Library/CloudStorage/GoogleDrive-ki95@cornell.edu/My Drive/GoodNotes/Formal Methods for Robotics/Lecture Notes/20240910.goodnotes: resource deadlock avoided
error: failed to save /Users/kei/Library/CloudStorage/GoogleDrive-ki95@cornell.edu/My Drive/GoodNotes/Formal Methods for Robotics/Lecture Notes/20240910.pdf: read /Users/kei/Library/CloudStorage/GoogleDrive-ki95@cornell.edu/My Drive/GoodNotes/Formal Methods for Robotics/Lecture Notes/20240910.pdf: resource deadlock avoided
error: failed to save /Users/kei/Library/CloudStorage/GoogleDrive-ki95@cornell.edu/My Drive/GoodNotes/Formal Methods for Robotics/Lecture Notes/20240917.goodnotes: read /Users/kei/Library/CloudStorage/GoogleDrive-ki95@cornell.edu/My Drive/GoodNotes/Formal Methods for Robotics/Lecture Notes/20240917.goodnotes: resource deadlock avoided
error: failed to save /Users/kei/Library/CloudStorage/GoogleDrive-ki95@cornell.edu/My Drive/GoodNotes/Formal Methods for Robotics/Lecture Notes/20240917.pdf: read /Users/kei/Library/CloudStorage/GoogleDrive-ki95@cornell.edu/My Drive/GoodNotes/Formal Methods for Robotics/Lecture Notes/20240917.pdf: resource deadlock avoided
error: failed to save /Users/kei/Library/CloudStorage/GoogleDrive-ki95@cornell.edu/My Drive/GoodNotes/Formal Methods for Robotics/Lecture Notes/20240919.goodnotes: read /Users/kei/Library/CloudStorage/GoogleDrive-ki95@cornell.edu/My Drive/GoodNotes/Formal Methods for Robotics/Lecture Notes/20240919.goodnotes: resource deadlock avoided
error: failed to save /Users/kei/Library/CloudStorage/GoogleDrive-ki95@cornell.edu/My Drive/GoodNotes/Formal Methods for Robotics/Lecture Notes/20240919.pdf: read /Users/kei/Library/CloudStorage/GoogleDrive-ki95@cornell.edu/My Drive/GoodNotes/Formal Methods for Robotics/Lecture Notes/20240919.pdf: resource deadlock avoided
error: failed to save /Users/kei/Library/CloudStorage/GoogleDrive-ki95@cornell.edu/My Drive/GoodNotes/Formal Methods for Robotics/Lecture Notes/20240924.goodnotes: read /Users/kei/Library/CloudStorage/GoogleDrive-ki95@cornell.edu/My Drive/GoodNotes/Formal Methods for Robotics/Lecture Notes/20240924.goodnotes: resource deadlock avoided
error: failed to save /Users/kei/Library/CloudStorage/GoogleDrive-ki95@cornell.edu/My Drive/GoodNotes/Formal Methods for Robotics/Lecture Notes/20240924.pdf: read /Users/kei/Library/CloudStorage/GoogleDrive-ki95@cornell.edu/My Drive/GoodNotes/Formal Methods for Robotics/Lecture Notes/20240924.pdf: resource deadlock avoided
error: failed to save /Users/kei/Library/CloudStorage/GoogleDrive-ki95@cornell.edu/My Drive/GoodNotes/Formal Methods for Robotics/Lecture Notes/20240926.goodnotes: read /Users/kei/Library/CloudStorage/GoogleDrive-ki95@cornell.edu/My Drive/GoodNotes/Formal Methods for Robotics/Lecture Notes/20240926.goodnotes: resource deadlock avoided
error: failed to save /Users/kei/Library/CloudStorage/GoogleDrive-ki95@cornell.edu/My Drive/GoodNotes/Formal Methods for Robotics/Lecture Notes/20240926.pdf: read /Users/kei/Library/CloudStorage/GoogleDrive-ki95@cornell.edu/My Drive/GoodNotes/Formal Methods for Robotics/Lecture Notes/20240926.pdf: resource deadlock avoided
error: failed to save /Users/kei/Library/CloudStorage/GoogleDrive-ki95@cornell.edu/My Drive/GoodNotes/Formal Methods for Robotics/Lecture Notes/20241001.goodnotes: read /Users/kei/Library/CloudStorage/GoogleDrive-ki95@cornell.edu/My Drive/GoodNotes/Formal Methods for Robotics/Lecture Notes/20241001.goodnotes: resource deadlock avoided
error: failed to save /Users/kei/Library/CloudStorage/GoogleDrive-ki95@cornell.edu/My Drive/GoodNotes/Formal Methods for Robotics/Lecture Notes/20241001.pdf: read /Users/kei/Library/CloudStorage/GoogleDrive-ki95@cornell.edu/My Drive/GoodNotes/Formal Methods for Robotics/Lecture Notes/20241001.pdf: resource deadlock avoided
error: failed to save /Users/kei/Library/CloudStorage/GoogleDrive-ki95@cornell.edu/My Drive/GoodNotes/Formal Methods for Robotics/Lecture Notes/20241003.goodnotes: read /Users/kei/Library/CloudStorage/GoogleDrive-ki95@cornell.edu/My Drive/GoodNotes/Formal Methods for Robotics/Lecture Notes/20241003.goodnotes: resource deadlock avoided
error: failed to save /Users/kei/Library/CloudStorage/GoogleDrive-ki95@cornell.edu/My Drive/GoodNotes/Formal Methods for Robotics/Lecture Notes/20241003.pdf: read /Users/kei/Library/CloudStorage/GoogleDrive-ki95@cornell.edu/My Drive/GoodNotes/Formal Methods for Robotics/Lecture Notes/20241003.pdf: resource deadlock avoided
error: failed to save /Users/kei/Library/CloudStorage/GoogleDrive-ki95@cornell.edu/My Drive/GoodNotes/Formal Methods for Robotics/Lecture Notes/20241008.goodnotes: read /Users/kei/Library/CloudStorage/GoogleDrive-ki95@cornell.edu/My Drive/GoodNotes/Formal Methods for Robotics/Lecture Notes/20241008.goodnotes: resource deadlock avoided
error: failed to save /Users/kei/Library/CloudStorage/GoogleDrive-ki95@cornell.edu/My Drive/GoodNotes/Formal Methods for Robotics/Lecture Notes/20241008.pdf: read /Users/kei/Library/CloudStorage/GoogleDrive-ki95@cornell.edu/My Drive/GoodNotes/Formal Methods for Robotics/Lecture Notes/20241008.pdf: resource deadlock avoided
error: failed to save /Users/kei/Library/CloudStorage/GoogleDrive-ki95@cornell.edu/My Drive/GoodNotes/Formal Methods for Robotics/Lecture Notes/20241010.goodnotes: read /Users/kei/Library/CloudStorage/GoogleDrive-ki95@cornell.edu/My Drive/GoodNotes/Formal Methods for Robotics/Lecture Notes/20241010.goodnotes: resource deadlock avoided
error: failed to save /Users/kei/Library/CloudStorage/GoogleDrive-ki95@cornell.edu/My Drive/GoodNotes/Formal Methods for Robotics/Lecture Notes/20241010.pdf: read /Users/kei/Library/CloudStorage/GoogleDrive-ki95@cornell.edu/My Drive/GoodNotes/Formal Methods for Robotics/Lecture Notes/20241010.pdf: resource deadlock avoided
error: failed to save /Users/kei/Library/CloudStorage/GoogleDrive-ki95@cornell.edu/My Drive/GoodNotes/Formal Methods for Robotics/Lecture Notes/20241017.goodnotes: read /Users/kei/Library/CloudStorage/GoogleDrive-ki95@cornell.edu/My Drive/GoodNotes/Formal Methods for Robotics/Lecture Notes/20241017.goodnotes: resource deadlock avoided
error: failed to save /Users/kei/Library/CloudStorage/GoogleDrive-ki95@cornell.edu/My Drive/GoodNotes/Formal Methods for Robotics/Lecture Notes/20241017.pdf: read /Users/kei/Library/CloudStorage/GoogleDrive-ki95@cornell.edu/My Drive/GoodNotes/Formal Methods for Robotics/Lecture Notes/20241017.pdf: resource deadlock avoided
error: failed to save /Users/kei/Library/CloudStorage/GoogleDrive-ki95@cornell.edu/My Drive/GoodNotes/Formal Methods for Robotics/Lecture Notes/20241022.goodnotes: read /Users/kei/Library/CloudStorage/GoogleDrive-ki95@cornell.edu/My Drive/GoodNotes/Formal Methods for Robotics/Lecture Notes/20241022.goodnotes: resource deadlock avoided
error: failed to save /Users/kei/Library/CloudStorage/GoogleDrive-ki95@cornell.edu/My Drive/GoodNotes/Formal Methods for Robotics/Lecture Notes/20241022.pdf: read /Users/kei/Library/CloudStorage/GoogleDrive-ki95@cornell.edu/My Drive/GoodNotes/Formal Methods for Robotics/Lecture Notes/20241022.pdf: resource deadlock avoided
error: failed to save /Users/kei/Library/CloudStorage/GoogleDrive-ki95@cornell.edu/My Drive/GoodNotes/Formal Methods for Robotics/Lecture Notes/20241029.goodnotes: read /Users/kei/Library/CloudStorage/GoogleDrive-ki95@cornell.edu/My Drive/GoodNotes/Formal Methods for Robotics/Lecture Notes/20241029.goodnotes: resource deadlock avoided
error: failed to save /Users/kei/Library/CloudStorage/GoogleDrive-ki95@cornell.edu/My Drive/GoodNotes/Formal Methods for Robotics/Lecture Notes/20241029.pdf: read /Users/kei/Library/CloudStorage/GoogleDrive-ki95@cornell.edu/My Drive/GoodNotes/Formal Methods for Robotics/Lecture Notes/20241029.pdf: resource deadlock avoided
error: failed to save /Users/kei/Library/CloudStorage/GoogleDrive-ki95@cornell.edu/My Drive/GoodNotes/Formal Methods for Robotics/Lecture Notes/20241031.goodnotes: read /Users/kei/Library/CloudStorage/GoogleDrive-ki95@cornell.edu/My Drive/GoodNotes/Formal Methods for Robotics/Lecture Notes/20241031.goodnotes: resource deadlock avoided
error: failed to save /Users/kei/Library/CloudStorage/GoogleDrive-ki95@cornell.edu/My Drive/GoodNotes/Formal Methods for Robotics/Lecture Notes/20241031.pdf: read /Users/kei/Library/CloudStorage/GoogleDrive-ki95@cornell.edu/My Drive/GoodNotes/Formal Methods for Robotics/Lecture Notes/20241031.pdf: resource deadlock avoided
error: failed to save /Users/kei/Library/CloudStorage/GoogleDrive-ki95@cornell.edu/My Drive/GoodNotes/Formal Methods for Robotics/Lecture Notes/20241105.goodnotes: read /Users/kei/Library/CloudStorage/GoogleDrive-ki95@cornell.edu/My Drive/GoodNotes/Formal Methods for Robotics/Lecture Notes/20241105.goodnotes: resource deadlock avoided
error: failed to save /Users/kei/Library/CloudStorage/GoogleDrive-ki95@cornell.edu/My Drive/GoodNotes/Formal Methods for Robotics/Lecture Notes/20241105.pdf: read /Users/kei/Library/CloudStorage/GoogleDrive-ki95@cornell.edu/My Drive/GoodNotes/Formal Methods for Robotics/Lecture Notes/20241105.pdf: resource deadlock avoided
error: failed to save /Users/kei/Library/CloudStorage/GoogleDrive-ki95@cornell.edu/My Drive/GoodNotes/Formal Methods for Robotics/Lecture Notes/20241114.goodnotes: read /Users/kei/Library/CloudStorage/GoogleDrive-ki95@cornell.edu/My Drive/GoodNotes/Formal Methods for Robotics/Lecture Notes/20241114.goodnotes: resource deadlock avoided
error: failed to save /Users/kei/Library/CloudStorage/GoogleDrive-ki95@cornell.edu/My Drive/GoodNotes/Formal Methods for Robotics/Lecture Notes/20241114.pdf: read /Users/kei/Library/CloudStorage/GoogleDrive-ki95@cornell.edu/My Drive/GoodNotes/Formal Methods for Robotics/Lecture Notes/20241114.pdf: resource deadlock avoided
error: failed to save /Users/kei/Library/CloudStorage/GoogleDrive-ki95@cornell.edu/My Drive/GoodNotes/Formal Methods for Robotics/Lecture Notes/20241119.goodnotes: read /Users/kei/Library/CloudStorage/GoogleDrive-ki95@cornell.edu/My Drive/GoodNotes/Formal Methods for Robotics/Lecture Notes/20241119.goodnotes: resource deadlock avoided
error: failed to save /Users/kei/Library/CloudStorage/GoogleDrive-ki95@cornell.edu/My Drive/GoodNotes/Formal Methods for Robotics/Lecture Notes/20241119.pdf: read /Users/kei/Library/CloudStorage/GoogleDrive-ki95@cornell.edu/My Drive/GoodNotes/Formal Methods for Robotics/Lecture Notes/20241119.pdf: resource deadlock avoided
error: failed to save /Users/kei/Library/CloudStorage/GoogleDrive-ki95@cornell.edu/My Drive/GoodNotes/Formal Methods for Robotics/Lecture Notes/20241121.goodnotes: read /Users/kei/Library/CloudStorage/GoogleDrive-ki95@cornell.edu/My Drive/GoodNotes/Formal Methods for Robotics/Lecture Notes/20241121.goodnotes: resource deadlock avoided
error: failed to save /Users/kei/Library/CloudStorage/GoogleDrive-ki95@cornell.edu/My Drive/GoodNotes/Formal Methods for Robotics/Lecture Notes/20241121.pdf: read /Users/kei/Library/CloudStorage/GoogleDrive-ki95@cornell.edu/My Drive/GoodNotes/Formal Methods for Robotics/Lecture Notes/20241121.pdf: resource deadlock avoided
error: failed to save /Users/kei/Library/CloudStorage/GoogleDrive-ki95@cornell.edu/My Drive/GoodNotes/Formal Methods for Robotics/20241112.goodnotes: read /Users/kei/Library/CloudStorage/GoogleDrive-ki95@cornell.edu/My Drive/GoodNotes/Formal Methods for Robotics/20241112.goodnotes: resource deadlock avoided
error: failed to save /Users/kei/Library/CloudStorage/GoogleDrive-ki95@cornell.edu/My Drive/GoodNotes/Formal Methods for Robotics/20241112.pdf: read /Users/kei/Library/CloudStorage/GoogleDrive-ki95@cornell.edu/My Drive/GoodNotes/Formal Methods for Robotics/20241112.pdf: resource deadlock avoided
error: failed to save /Users/kei/Library/CloudStorage/GoogleDrive-ki95@cornell.edu/My Drive/GoodNotes/Formal Methods for Robotics/Hybrid Systems- Modeling, Analysis and Control.goodnotes: read /Users/kei/Library/CloudStorage/GoogleDrive-ki95@cornell.edu/My Drive/GoodNotes/Formal Methods for Robotics/Hybrid Systems- Modeling, Analysis and Control.goodnotes: resource deadlock avoided
error: failed to save /Users/kei/Library/CloudStorage/GoogleDrive-ki95@cornell.edu/My Drive/GoodNotes/Formal Methods for Robotics/Hybrid Systems- Modeling, Analysis and Control.pdf: read /Users/kei/Library/CloudStorage/GoogleDrive-ki95@cornell.edu/My Drive/GoodNotes/Formal Methods for Robotics/Hybrid Systems- Modeling, Analysis and Control.pdf: resource deadlock avoided
error: failed to save /Users/kei/Library/CloudStorage/GoogleDrive-ki95@cornell.edu/My Drive/GoodNotes/Formal Methods for Robotics/MAE6770syllabus2024.goodnotes: read /Users/kei/Library/CloudStorage/GoogleDrive-ki95@cornell.edu/My Drive/GoodNotes/Formal Methods for Robotics/MAE6770syllabus2024.goodnotes: resource deadlock avoided
error: failed to save /Users/kei/Library/CloudStorage/GoogleDrive-ki95@cornell.edu/My Drive/GoodNotes/Formal Methods for Robotics/MAE6770syllabus2024.pdf: read /Users/kei/Library/CloudStorage/GoogleDrive-ki95@cornell.edu/My Drive/GoodNotes/Formal Methods for Robotics/MAE6770syllabus2024.pdf: resource deadlock avoided
error: failed to save /Users/kei/Library/CloudStorage/GoogleDrive-ki95@cornell.edu/My Drive/GoodNotes/Formal Methods for Robotics/Modeling_Exercise.goodnotes: read /Users/kei/Library/CloudStorage/GoogleDrive-ki95@cornell.edu/My Drive/GoodNotes/Formal Methods for Robotics/Modeling_Exercise.goodnotes: resource deadlock avoided
error: readdirnames /Users/kei/Library/CloudStorage/GoogleDrive-ki95@cornell.edu/My Drive/GoodNotes/GRFP failed: fdopendir /Users/kei/Library/CloudStorage/GoogleDrive-ki95@cornell.edu/My Drive/GoodNotes/GRFP: resource deadlock avoided
error: readdirnames /Users/kei/Library/CloudStorage/GoogleDrive-ki95@cornell.edu/My Drive/GoodNotes/Great Works in PL failed: fdopendir /Users/kei/Library/CloudStorage/GoogleDrive-ki95@cornell.edu/My Drive/GoodNotes/Great Works in PL: resource deadlock avoided
error: failed to save /Users/kei/Library/CloudStorage/GoogleDrive-ki95@cornell.edu/My Drive/GoodNotes/Formal Methods for Robotics/Modeling_Exercise.pdf: read /Users/kei/Library/CloudStorage/GoogleDrive-ki95@cornell.edu/My Drive/GoodNotes/Formal Methods for Robotics/Modeling_Exercise.pdf: resource deadlock avoided
error: readdirnames /Users/kei/Library/CloudStorage/GoogleDrive-ki95@cornell.edu/My Drive/GoodNotes/Jen failed: fdopendir /Users/kei/Library/CloudStorage/GoogleDrive-ki95@cornell.edu/My Drive/GoodNotes/Jen: resource deadlock avoided
error: readdirnames /Users/kei/Library/CloudStorage/GoogleDrive-ki95@cornell.edu/My Drive/GoodNotes/Kleene Algebra failed: fdopendir /Users/kei/Library/CloudStorage/GoogleDrive-ki95@cornell.edu/My Drive/GoodNotes/Kleene Algebra: resource deadlock avoided
error: readdirnames /Users/kei/Library/CloudStorage/GoogleDrive-ki95@cornell.edu/My Drive/GoodNotes/Linear Algebra failed: fdopendir /Users/kei/Library/CloudStorage/GoogleDrive-ki95@cornell.edu/My Drive/GoodNotes/Linear Algebra: resource deadlock avoided
error: readdirnames /Users/kei/Library/CloudStorage/GoogleDrive-ki95@cornell.edu/My Drive/GoodNotes/Nate failed: fdopendir /Users/kei/Library/CloudStorage/GoogleDrive-ki95@cornell.edu/My Drive/GoodNotes/Nate: resource deadlock avoided
error: readdirnames /Users/kei/Library/CloudStorage/GoogleDrive-ki95@cornell.edu/My Drive/GoodNotes/OPLSS failed: fdopendir /Users/kei/Library/CloudStorage/GoogleDrive-ki95@cornell.edu/My Drive/GoodNotes/OPLSS: resource deadlock avoided
error: readdirnames /Users/kei/Library/CloudStorage/GoogleDrive-ki95@cornell.edu/My Drive/GoodNotes/Orientation failed: fdopendir /Users/kei/Library/CloudStorage/GoogleDrive-ki95@cornell.edu/My Drive/GoodNotes/Orientation: resource deadlock avoided
error: readdirnames /Users/kei/Library/CloudStorage/GoogleDrive-ki95@cornell.edu/My Drive/GoodNotes/PLDG failed: fdopendir /Users/kei/Library/CloudStorage/GoogleDrive-ki95@cornell.edu/My Drive/GoodNotes/PLDG: resource deadlock avoided
error: readdirnames /Users/kei/Library/CloudStorage/GoogleDrive-ki95@cornell.edu/My Drive/GoodNotes/Probability failed: fdopendir /Users/kei/Library/CloudStorage/GoogleDrive-ki95@cornell.edu/My Drive/GoodNotes/Probability: resource deadlock avoided
error: readdirnames /Users/kei/Library/CloudStorage/GoogleDrive-ki95@cornell.edu/My Drive/GoodNotes/Program Synthesis failed: fdopendir /Users/kei/Library/CloudStorage/GoogleDrive-ki95@cornell.edu/My Drive/GoodNotes/Program Synthesis: resource deadlock avoided
error: readdirnames /Users/kei/Library/CloudStorage/GoogleDrive-ki95@cornell.edu/My Drive/GoodNotes/Runtime Verification failed: fdopendir /Users/kei/Library/CloudStorage/GoogleDrive-ki95@cornell.edu/My Drive/GoodNotes/Runtime Verification: resource deadlock avoided
error: readdirnames /Users/kei/Library/CloudStorage/GoogleDrive-ki95@cornell.edu/My Drive/GoodNotes/Succeeding in Grad Environment failed: fdopendir /Users/kei/Library/CloudStorage/GoogleDrive-ki95@cornell.edu/My Drive/GoodNotes/Succeeding in Grad Environment: resource deadlock avoided
error: readdirnames /Users/kei/Library/CloudStorage/GoogleDrive-ki95@cornell.edu/My Drive/GoodNotes/Textbook failed: fdopendir /Users/kei/Library/CloudStorage/GoogleDrive-ki95@cornell.edu/My Drive/GoodNotes/Textbook: resource deadlock avoided
error: readdirnames /Users/kei/Library/CloudStorage/GoogleDrive-ki95@cornell.edu/My Drive/GoodNotes/Theory Seminar failed: fdopendir /Users/kei/Library/CloudStorage/GoogleDrive-ki95@cornell.edu/My Drive/GoodNotes/Theory Seminar: resource deadlock avoided
error: failed to save /Users/kei/Library/CloudStorage/GoogleDrive-ki95@cornell.edu/My Drive/GoodNotes/Gym.goodnotes: read /Users/kei/Library/CloudStorage/GoogleDrive-ki95@cornell.edu/My Drive/GoodNotes/Gym.goodnotes: resource deadlock avoided
error: failed to save /Users/kei/Library/CloudStorage/GoogleDrive-ki95@cornell.edu/My Drive/GoodNotes/Gym.pdf: read /Users/kei/Library/CloudStorage/GoogleDrive-ki95@cornell.edu/My Drive/GoodNotes/Gym.pdf: resource deadlock avoided
error: failed to save /Users/kei/Library/CloudStorage/GoogleDrive-ki95@cornell.edu/My Drive/GoodNotes/Haobin Ni.goodnotes: read /Users/kei/Library/CloudStorage/GoogleDrive-ki95@cornell.edu/My Drive/GoodNotes/Haobin Ni.goodnotes: resource deadlock avoided
error: failed to save /Users/kei/Library/CloudStorage/GoogleDrive-ki95@cornell.edu/My Drive/GoodNotes/Haobin Ni.pdf: read /Users/kei/Library/CloudStorage/GoogleDrive-ki95@cornell.edu/My Drive/GoodNotes/Haobin Ni.pdf: resource deadlock avoided
error: failed to save /Users/kei/Library/CloudStorage/GoogleDrive-ki95@cornell.edu/My Drive/GoodNotes/Hello Kei.goodnotes: read /Users/kei/Library/CloudStorage/GoogleDrive-ki95@cornell.edu/My Drive/GoodNotes/Hello Kei.goodnotes: resource deadlock avoided
error: failed to save /Users/kei/Library/CloudStorage/GoogleDrive-ki95@cornell.edu/My Drive/GoodNotes/Hello Kei.pdf: read /Users/kei/Library/CloudStorage/GoogleDrive-ki95@cornell.edu/My Drive/GoodNotes/Hello Kei.pdf: resource deadlock avoided
error: failed to save /Users/kei/Library/CloudStorage/GoogleDrive-ki95@cornell.edu/My Drive/GoodNotes/ICML SPIGM 5.27.24 Afternoon Draft.goodnotes: read /Users/kei/Library/CloudStorage/GoogleDrive-ki95@cornell.edu/My Drive/GoodNotes/ICML SPIGM 5.27.24 Afternoon Draft.goodnotes: resource deadlock avoided
error: failed to save /Users/kei/Library/CloudStorage/GoogleDrive-ki95@cornell.edu/My Drive/GoodNotes/ICML SPIGM 5.27.24 Afternoon Draft.pdf: read /Users/kei/Library/CloudStorage/GoogleDrive-ki95@cornell.edu/My Drive/GoodNotes/ICML SPIGM 5.27.24 Afternoon Draft.pdf: resource deadlock avoided
error: failed to save /Users/kei/Library/CloudStorage/GoogleDrive-ki95@cornell.edu/My Drive/GoodNotes/Impact Week Survey.goodnotes: read /Users/kei/Library/CloudStorage/GoogleDrive-ki95@cornell.edu/My Drive/GoodNotes/Impact Week Survey.goodnotes: resource deadlock avoided
error: failed to save /Users/kei/Library/CloudStorage/GoogleDrive-ki95@cornell.edu/My Drive/GoodNotes/Impact Week Survey.pdf: read /Users/kei/Library/CloudStorage/GoogleDrive-ki95@cornell.edu/My Drive/GoodNotes/Impact Week Survey.pdf: resource deadlock avoided
error: failed to save /Users/kei/Library/CloudStorage/GoogleDrive-ki95@cornell.edu/My Drive/GoodNotes/Signed Lease - Liam And Kei.goodnotes: read /Users/kei/Library/CloudStorage/GoogleDrive-ki95@cornell.edu/My Drive/GoodNotes/Signed Lease - Liam And Kei.goodnotes: resource deadlock avoided
error: failed to save /Users/kei/Library/CloudStorage/GoogleDrive-ki95@cornell.edu/My Drive/GoodNotes/Signed Lease - Liam And Kei.pdf: read /Users/kei/Library/CloudStorage/GoogleDrive-ki95@cornell.edu/My Drive/GoodNotes/Signed Lease - Liam And Kei.pdf: resource deadlock avoided
error: failed to save /Users/kei/Library/CloudStorage/GoogleDrive-ki95@cornell.edu/My Drive/GoodNotes/TODO.goodnotes: read /Users/kei/Library/CloudStorage/GoogleDrive-ki95@cornell.edu/My Drive/GoodNotes/TODO.goodnotes: resource deadlock avoided
error: failed to save /Users/kei/Library/CloudStorage/GoogleDrive-ki95@cornell.edu/My Drive/GoodNotes/TODO.pdf: read /Users/kei/Library/CloudStorage/GoogleDrive-ki95@cornell.edu/My Drive/GoodNotes/TODO.pdf: resource deadlock avoided
error: failed to save /Users/kei/Library/CloudStorage/GoogleDrive-ki95@cornell.edu/My Drive/GoodNotes/cu-pay-achauth.goodnotes: read /Users/kei/Library/CloudStorage/GoogleDrive-ki95@cornell.edu/My Drive/GoodNotes/cu-pay-achauth.goodnotes: resource deadlock avoided
error: failed to save /Users/kei/Library/CloudStorage/GoogleDrive-ki95@cornell.edu/My Drive/GoodNotes/cu-pay-achauth.pdf: read /Users/kei/Library/CloudStorage/GoogleDrive-ki95@cornell.edu/My Drive/GoodNotes/cu-pay-achauth.pdf: resource deadlock avoided
error: failed to save /Users/kei/Library/CloudStorage/GoogleDrive-ki95@cornell.edu/My Drive/GoodNotes/ロ ロ.goodnotes: read /Users/kei/Library/CloudStorage/GoogleDrive-ki95@cornell.edu/My Drive/GoodNotes/ロ ロ.goodnotes: resource deadlock avoided
error: failed to save /Users/kei/Library/CloudStorage/GoogleDrive-ki95@cornell.edu/My Drive/GoodNotes/ロ ロ.pdf: read /Users/kei/Library/CloudStorage/GoogleDrive-ki95@cornell.edu/My Drive/GoodNotes/ロ ロ.pdf: resource deadlock avoided
error: readdirnames /Users/kei/Library/CloudStorage/GoogleDrive-ki95@cornell.edu/My Drive/Maplewood failed: fdopendir /Users/kei/Library/CloudStorage/GoogleDrive-ki95@cornell.edu/My Drive/Maplewood: resource deadlock avoided
error: readdirnames /Users/kei/Library/CloudStorage/GoogleDrive-ki95@cornell.edu/My Drive/NSF GRFP failed: fdopendir /Users/kei/Library/CloudStorage/GoogleDrive-ki95@cornell.edu/My Drive/NSF GRFP: resource deadlock avoided
error: readdirnames /Users/kei/Library/CloudStorage/GoogleDrive-ki95@cornell.edu/My Drive/Nate failed: fdopendir /Users/kei/Library/CloudStorage/GoogleDrive-ki95@cornell.edu/My Drive/Nate: resource deadlock avoided
error: readdirnames /Users/kei/Library/CloudStorage/GoogleDrive-ki95@cornell.edu/My Drive/PLDG failed: fdopendir /Users/kei/Library/CloudStorage/GoogleDrive-ki95@cornell.edu/My Drive/PLDG: resource deadlock avoided
error: readdirnames /Users/kei/Library/CloudStorage/GoogleDrive-ki95@cornell.edu/My Drive/Shopping Spreadsheets failed: fdopendir /Users/kei/Library/CloudStorage/GoogleDrive-ki95@cornell.edu/My Drive/Shopping Spreadsheets: resource deadlock avoided
error: readdirnames /Users/kei/Library/CloudStorage/GoogleDrive-ki95@cornell.edu/My Drive/Trips failed: fdopendir /Users/kei/Library/CloudStorage/GoogleDrive-ki95@cornell.edu/My Drive/Trips: resource deadlock avoided
error: readdirnames /Users/kei/Library/CloudStorage/GoogleDrive-ki95@cornell.edu/My Drive/drawio failed: fdopendir /Users/kei/Library/CloudStorage/GoogleDrive-ki95@cornell.edu/My Drive/drawio: resource deadlock avoided
error: failed to save /Users/kei/Library/CloudStorage/GoogleDrive-ki95@cornell.edu/My Drive/2024 CIS Halloween.gsheet: read /Users/kei/Library/CloudStorage/GoogleDrive-ki95@cornell.edu/My Drive/2024 CIS Halloween.gsheet: resource deadlock avoided
error: failed to save /Users/kei/Library/CloudStorage/GoogleDrive-ki95@cornell.edu/My Drive/2024 Gates Hall Graduate Office FAQ.pdf: read /Users/kei/Library/CloudStorage/GoogleDrive-ki95@cornell.edu/My Drive/2024 Gates Hall Graduate Office FAQ.pdf: resource deadlock avoided
error: failed to save /Users/kei/Library/CloudStorage/GoogleDrive-ki95@cornell.edu/My Drive/CampusGroups-student_receipt.pdf: read /Users/kei/Library/CloudStorage/GoogleDrive-ki95@cornell.edu/My Drive/CampusGroups-student_receipt.pdf: resource deadlock avoided
error: failed to save /Users/kei/Library/CloudStorage/GoogleDrive-ki95@cornell.edu/My Drive/Copy of Fall 2023 First Year Appointments.gsheet: read /Users/kei/Library/CloudStorage/GoogleDrive-ki95@cornell.edu/My Drive/Copy of Fall 2023 First Year Appointments.gsheet: resource deadlock avoided
error: failed to save /Users/kei/Library/CloudStorage/GoogleDrive-ki95@cornell.edu/My Drive/Double edge razors.gsheet: read /Users/kei/Library/CloudStorage/GoogleDrive-ki95@cornell.edu/My Drive/Double edge razors.gsheet: resource deadlock avoided
error: failed to save /Users/kei/Library/CloudStorage/GoogleDrive-ki95@cornell.edu/My Drive/Graduate Minor.gsheet: read /Users/kei/Library/CloudStorage/GoogleDrive-ki95@cornell.edu/My Drive/Graduate Minor.gsheet: resource deadlock avoided
error: failed to save /Users/kei/Library/CloudStorage/GoogleDrive-ki95@cornell.edu/My Drive/IMG_4441 (1).PNG: read /Users/kei/Library/CloudStorage/GoogleDrive-ki95@cornell.edu/My Drive/IMG_4441 (1).PNG: resource deadlock avoided
error: failed to save /Users/kei/Library/CloudStorage/GoogleDrive-ki95@cornell.edu/My Drive/IMG_4441.PNG: read /Users/kei/Library/CloudStorage/GoogleDrive-ki95@cornell.edu/My Drive/IMG_4441.PNG: resource deadlock avoided
error: failed to save /Users/kei/Library/CloudStorage/GoogleDrive-ki95@cornell.edu/My Drive/Jha Brothers (Fratres jha).gslides: read /Users/kei/Library/CloudStorage/GoogleDrive-ki95@cornell.edu/My Drive/Jha Brothers (Fratres jha).gslides: resource deadlock avoided
error: failed to save /Users/kei/Library/CloudStorage/GoogleDrive-ki95@cornell.edu/My Drive/Notes - Alexandra   Kei.gdoc: read /Users/kei/Library/CloudStorage/GoogleDrive-ki95@cornell.edu/My Drive/Notes - Alexandra   Kei.gdoc: resource deadlock avoided
error: failed to save /Users/kei/Library/CloudStorage/GoogleDrive-ki95@cornell.edu/My Drive/Notes - Justin   Kei.gdoc: read /Users/kei/Library/CloudStorage/GoogleDrive-ki95@cornell.edu/My Drive/Notes - Justin   Kei.gdoc: resource deadlock avoided
error: failed to save /Users/kei/Library/CloudStorage/GoogleDrive-ki95@cornell.edu/My Drive/OPLSS Statement of Motivation.gdoc: read /Users/kei/Library/CloudStorage/GoogleDrive-ki95@cornell.edu/My Drive/OPLSS Statement of Motivation.gdoc: resource deadlock avoided
error: failed to save /Users/kei/Library/CloudStorage/GoogleDrive-ki95@cornell.edu/My Drive/Ronnie Bhaiya.gslides: read /Users/kei/Library/CloudStorage/GoogleDrive-ki95@cornell.edu/My Drive/Ronnie Bhaiya.gslides: resource deadlock avoided
error: failed to save /Users/kei/Library/CloudStorage/GoogleDrive-ki95@cornell.edu/My Drive/Transfer Request Sheet.gsheet: read /Users/kei/Library/CloudStorage/GoogleDrive-ki95@cornell.edu/My Drive/Transfer Request Sheet.gsheet: resource deadlock avoided
error: failed to save /Users/kei/Library/CloudStorage/GoogleDrive-ki95@cornell.edu/My Drive/ps.pdf: read /Users/kei/Library/CloudStorage/GoogleDrive-ki95@cornell.edu/My Drive/ps.pdf: resource deadlock avoided
error: open /Users/kei/Library/Group Containers/VUTU7AKEUR.jp.naver.line.mac/tmp/LINE_PTF: operation not permitted
error: open /Users/kei/Library/Metadata/CoreSpotlight/NSFileProtectionComplete/index.spotlightV3/.store.db: operation not permitted
error: open /Users/kei/Library/Metadata/CoreSpotlight/NSFileProtectionCompleteUnlessOpen/index.spotlightV3/.store.db: operation not permitted
Save(<data/b19e9541ff>) returned error, retrying after 1.420165022s: unexpected HTTP response (500): 500 Internal Server Error
Save(<data/ea5394cb6b>) returned error, retrying after 855.790213ms: unexpected HTTP response (500): 500 Internal Server Error
Save(<data/e1c6bdfc90>) returned error, retrying after 954.37175ms: unexpected HTTP response (500): 500 Internal Server Error
Save(<data/0e0f4342ce>) returned error, retrying after 840.619933ms: unexpected HTTP response (500): 500 Internal Server Error
Save(<data/d68f3e68bc>) returned error, retrying after 649.168097ms: unexpected HTTP response (500): 500 Internal Server Error
Save(<data/0e0f4342ce>) operation successful after 1 retries
Save(<data/d68f3e68bc>) operation successful after 1 retries
Save(<data/e1c6bdfc90>) operation successful after 1 retries
Save(<data/b19e9541ff>) operation successful after 1 retries
Save(<data/ea5394cb6b>) operation successful after 1 retries
Save(<data/ad7f9dcb0a>) returned error, retrying after 667.120329ms: unexpected HTTP response (500): 500 Internal Server Error
Save(<data/b873941778>) returned error, retrying after 1.347280989s: unexpected HTTP response (500): 500 Internal Server Error
Save(<data/ad7f9dcb0a>) operation successful after 1 retries
Save(<data/b873941778>) operation successful after 1 retries
Save(<data/432bbe8c3e>) returned error, retrying after 543.950119ms: unexpected HTTP response (500): 500 Internal Server Error
Save(<data/96de3ae9d8>) returned error, retrying after 1.456336653s: unexpected HTTP response (500): 500 Internal Server Error
Save(<data/fb1a897a88>) returned error, retrying after 773.99521ms: unexpected HTTP response (500): 500 Internal Server Error
Save(<data/e968ba3759>) returned error, retrying after 1.451749406s: unexpected HTTP response (500): 500 Internal Server Error
Save(<data/432bbe8c3e>) operation successful after 1 retries
Save(<data/fb1a897a88>) operation successful after 1 retries
Save(<data/e968ba3759>) operation successful after 1 retries
Save(<data/96de3ae9d8>) operation successful after 1 retries
Save(<data/a4ee7bdee2>) returned error, retrying after 1.24065717s: unexpected HTTP response (500): 500 Internal Server Error
Save(<data/810be056b3>) returned error, retrying after 1.475274396s: unexpected HTTP response (500): 500 Internal Server Error
Save(<data/ede502b434>) returned error, retrying after 1.295436247s: unexpected HTTP response (500): 500 Internal Server Error
Save(<data/ede7565bbc>) returned error, retrying after 825.389143ms: unexpected HTTP response (500): 500 Internal Server Error
Save(<data/2a04c83b7b>) returned error, retrying after 1.41139927s: unexpected HTTP response (500): 500 Internal Server Error
Save(<data/ede7565bbc>) operation successful after 1 retries
Save(<data/a4ee7bdee2>) operation successful after 1 retries
Save(<data/ede502b434>) operation successful after 1 retries
Save(<data/2a04c83b7b>) operation successful after 1 retries
Save(<data/810be056b3>) operation successful after 1 retries
Save(<data/295517c0a7>) returned error, retrying after 1.493087266s: unexpected HTTP response (500): 500 Internal Server Error
Save(<data/0224120afc>) returned error, retrying after 993.585851ms: unexpected HTTP response (500): 500 Internal Server Error
Save(<data/fd9191f3d2>) returned error, retrying after 1.205009666s: unexpected HTTP response (500): 500 Internal Server Error
Save(<data/5778e4a2ce>) returned error, retrying after 1.37674944s: unexpected HTTP response (500): 500 Internal Server Error
Save(<data/41928e5ad4>) returned error, retrying after 569.252355ms: unexpected HTTP response (500): 500 Internal Server Error
Save(<data/0224120afc>) operation successful after 1 retries
Save(<data/295517c0a7>) operation successful after 1 retries
Save(<data/41928e5ad4>) operation successful after 1 retries
Save(<data/fd9191f3d2>) operation successful after 1 retries
Save(<data/5778e4a2ce>) operation successful after 1 retries
Save(<lock/f342b867bf>) returned error, retrying after 877.625111ms: unexpected HTTP response (500): 500 Internal Server Error
Save(<lock/f342b867bf>) operation successful after 1 retries
Save(<data/deb7fede0e>) returned error, retrying after 1.278684322s: unexpected HTTP response (500): 500 Internal Server Error
Save(<data/ccf5fd801c>) returned error, retrying after 1.180581334s: unexpected HTTP response (500): 500 Internal Server Error
Save(<data/6891877e4c>) returned error, retrying after 1.199370085s: unexpected HTTP response (500): 500 Internal Server Error
Save(<data/bf24e93967>) returned error, retrying after 885.465422ms: unexpected HTTP response (500): 500 Internal Server Error
Save(<data/b2c96f0ae3>) returned error, retrying after 905.946644ms: unexpected HTTP response (500): 500 Internal Server Error
Save(<data/bf24e93967>) operation successful after 1 retries
Save(<data/b2c96f0ae3>) operation successful after 1 retries
Save(<data/6891877e4c>) operation successful after 1 retries
Save(<data/ccf5fd801c>) operation successful after 1 retries
Save(<data/deb7fede0e>) operation successful after 1 retries
Save(<data/7c33a92cac>) returned error, retrying after 1.498487379s: unexpected HTTP response (500): 500 Internal Server Error
Save(<data/155970e160>) returned error, retrying after 1.263820353s: unexpected HTTP response (500): 500 Internal Server Error
Save(<data/1ca0bc1899>) returned error, retrying after 503.517558ms: unexpected HTTP response (500): 500 Internal Server Error
Save(<data/4e2423a1a5>) returned error, retrying after 1.139588957s: unexpected HTTP response (500): 500 Internal Server Error
Save(<data/7481de96f4>) returned error, retrying after 835.429953ms: unexpected HTTP response (500): 500 Internal Server Error
Save(<data/7c33a92cac>) operation successful after 1 retries
Save(<data/155970e160>) operation successful after 1 retries
Save(<data/1ca0bc1899>) operation successful after 1 retries
Save(<data/7481de96f4>) operation successful after 1 retries
Save(<data/4e2423a1a5>) operation successful after 1 retries
Save(<data/d211d5f620>) returned error, retrying after 871.946824ms: unexpected HTTP response (500): 500 Internal Server Error
Save(<data/be69556ccd>) returned error, retrying after 1.251646226s: unexpected HTTP response (500): 500 Internal Server Error
Save(<data/5d71db03bc>) returned error, retrying after 625.900955ms: unexpected HTTP response (500): 500 Internal Server Error
Save(<data/ef5c8a1bf8>) returned error, retrying after 1.335052128s: unexpected HTTP response (500): 500 Internal Server Error
Save(<data/bfe7c2461c>) returned error, retrying after 518.684323ms: unexpected HTTP response (500): 500 Internal Server Error
Save(<data/d211d5f620>) operation successful after 1 retries
Save(<data/bfe7c2461c>) operation successful after 1 retries
Save(<data/5d71db03bc>) operation successful after 1 retries
Save(<data/ef5c8a1bf8>) operation successful after 1 retries
Save(<data/be69556ccd>) operation successful after 1 retries
Save(<data/b34418596a>) returned error, retrying after 676.431167ms: unexpected HTTP response (500): 500 Internal Server Error
Save(<data/b91d773d86>) returned error, retrying after 625.780053ms: unexpected HTTP response (500): 500 Internal Server Error
Save(<data/f24fa7824d>) returned error, retrying after 1.381472158s: unexpected HTTP response (500): 500 Internal Server Error
Save(<data/5ca04aa6b2>) returned error, retrying after 1.128757565s: unexpected HTTP response (500): 500 Internal Server Error
Save(<data/a80f2f4ef5>) returned error, retrying after 1.339800556s: unexpected HTTP response (500): 500 Internal Server Error
Save(<data/b34418596a>) operation successful after 1 retries
Save(<data/b91d773d86>) operation successful after 1 retries
Save(<data/5ca04aa6b2>) operation successful after 1 retries
Save(<data/f24fa7824d>) operation successful after 1 retries
Save(<data/a80f2f4ef5>) operation successful after 1 retries
Save(<data/2573f124ce>) returned error, retrying after 847.610464ms: unexpected HTTP response (500): 500 Internal Server Error
Save(<data/9db390d448>) returned error, retrying after 1.002176561s: unexpected HTTP response (500): 500 Internal Server Error
Save(<data/57e25cc009>) returned error, retrying after 1.347329272s: unexpected HTTP response (500): 500 Internal Server Error
Save(<data/646014355c>) returned error, retrying after 624.933425ms: unexpected HTTP response (500): 500 Internal Server Error
Save(<data/582ea98999>) returned error, retrying after 612.642355ms: unexpected HTTP response (500): 500 Internal Server Error
Save(<data/2573f124ce>) operation successful after 1 retries
Save(<data/9db390d448>) operation successful after 1 retries
Save(<data/582ea98999>) operation successful after 1 retries
Save(<data/646014355c>) operation successful after 1 retries
Save(<data/57e25cc009>) operation successful after 1 retries
Save(<data/71428f28a3>) returned error, retrying after 1.281799403s: unexpected HTTP response (500): 500 Internal Server Error
Save(<data/9670943d2a>) returned error, retrying after 771.709571ms: unexpected HTTP response (500): 500 Internal Server Error
Save(<data/eb455f02d8>) returned error, retrying after 775.639563ms: unexpected HTTP response (500): 500 Internal Server Error
Save(<data/64eee7dc15>) returned error, retrying after 875.223278ms: unexpected HTTP response (500): 500 Internal Server Error
Save(<data/41333c9b29>) returned error, retrying after 1.28702011s: unexpected HTTP response (500): 500 Internal Server Error
Save(<data/9670943d2a>) operation successful after 1 retries
Save(<data/eb455f02d8>) operation successful after 1 retries
Save(<data/71428f28a3>) operation successful after 1 retries
Save(<data/64eee7dc15>) operation successful after 1 retries
Save(<data/41333c9b29>) operation successful after 1 retries
Save(<data/83adda924f>) returned error, retrying after 963.72577ms: unexpected HTTP response (500): 500 Internal Server Error
Save(<data/611d926437>) returned error, retrying after 735.583135ms: unexpected HTTP response (500): 500 Internal Server Error
Save(<data/611d926437>) operation successful after 1 retries
Save(<data/83adda924f>) operation successful after 1 retries
Save(<data/d5f1d58408>) returned error, retrying after 1.064087177s: unexpected HTTP response (500): 500 Internal Server Error
Save(<data/c480fcf5fc>) returned error, retrying after 629.721011ms: unexpected HTTP response (500): 500 Internal Server Error
Save(<data/09bd70a7eb>) returned error, retrying after 522.825526ms: unexpected HTTP response (500): 500 Internal Server Error
Save(<data/c04cacbea0>) returned error, retrying after 939.206419ms: unexpected HTTP response (500): 500 Internal Server Error
Save(<data/da3cebcf8c>) returned error, retrying after 1.044624856s: unexpected HTTP response (500): 500 Internal Server Error
Save(<data/c480fcf5fc>) returned error, retrying after 2.438124838s: unexpected HTTP response (500): 500 Internal Server Error
Save(<data/d5f1d58408>) returned error, retrying after 1.068287163s: unexpected HTTP response (500): 500 Internal Server Error
Save(<data/09bd70a7eb>) returned error, retrying after 1.167437431s: unexpected HTTP response (500): 500 Internal Server Error
Save(<data/c04cacbea0>) returned error, retrying after 1.428985811s: unexpected HTTP response (500): 500 Internal Server Error
Save(<data/da3cebcf8c>) returned error, retrying after 1.705780204s: unexpected HTTP response (500): 500 Internal Server Error
Save(<data/d5f1d58408>) returned error, retrying after 5.737774781s: unexpected HTTP response (500): 500 Internal Server Error
Save(<data/09bd70a7eb>) returned error, retrying after 3.12922972s: unexpected HTTP response (500): 500 Internal Server Error
Save(<data/c04cacbea0>) returned error, retrying after 3.213523204s: unexpected HTTP response (500): 500 Internal Server Error
Save(<data/c480fcf5fc>) returned error, retrying after 2.873378834s: unexpected HTTP response (500): 500 Internal Server Error
Save(<data/da3cebcf8c>) returned error, retrying after 3.487151056s: unexpected HTTP response (500): 500 Internal Server Error
Save(<data/09bd70a7eb>) returned error, retrying after 5.801808757s: unexpected HTTP response (500): 500 Internal Server Error
Save(<data/c04cacbea0>) returned error, retrying after 5.440251188s: unexpected HTTP response (500): 500 Internal Server Error
Save(<data/c480fcf5fc>) returned error, retrying after 8.733983986s: unexpected HTTP response (500): 500 Internal Server Error
Save(<data/da3cebcf8c>) returned error, retrying after 4.532044906s: unexpected HTTP response (500): 500 Internal Server Error
Save(<data/d5f1d58408>) returned error, retrying after 4.035488201s: unexpected HTTP response (500): 500 Internal Server Error
Save(<data/09bd70a7eb>) returned error, retrying after 14.727009164s: unexpected HTTP response (500): 500 Internal Server Error
Save(<data/da3cebcf8c>) returned error, retrying after 22.535039825s: unexpected HTTP response (500): 500 Internal Server Error
Save(<data/c04cacbea0>) returned error, retrying after 8.541088336s: unexpected HTTP response (500): 500 Internal Server Error
Save(<data/d5f1d58408>) returned error, retrying after 14.42368981s: unexpected HTTP response (500): 500 Internal Server Error
Save(<data/c480fcf5fc>) returned error, retrying after 18.683193363s: unexpected HTTP response (500): 500 Internal Server Error
Save(<data/c04cacbea0>) returned error, retrying after 28.536186484s: unexpected HTTP response (500): 500 Internal Server Error
Save(<data/d5f1d58408>) returned error, retrying after 20.184980733s: unexpected HTTP response (500): 500 Internal Server Error
Save(<data/c480fcf5fc>) returned error, retrying after 38.565966004s: unexpected HTTP response (500): 500 Internal Server Error
Save(<data/09bd70a7eb>) returned error, retrying after 17.80274875s: unexpected HTTP response (500): 500 Internal Server Error
Save(<data/da3cebcf8c>) returned error, retrying after 44.466941388s: unexpected HTTP response (500): 500 Internal Server Error
Save(<data/c04cacbea0>) returned error, retrying after 1m9.191620996s: unexpected HTTP response (500): 500 Internal Server Error
Save(<data/09bd70a7eb>) operation successful after 6 retries
Save(<data/d5f1d58408>) operation successful after 6 retries
Save(<data/c480fcf5fc>) operation successful after 6 retries
Save(<data/e528755870>) returned error, retrying after 516.140764ms: unexpected HTTP response (500): 500 Internal Server Error
Save(<data/d1665ca4ad>) returned error, retrying after 902.860613ms: unexpected HTTP response (500): 500 Internal Server Error
Save(<data/da3cebcf8c>) returned error, retrying after 52.792668553s: unexpected HTTP response (500): 500 Internal Server Error
Save(<data/e37e99953c>) returned error, retrying after 677.974363ms: unexpected HTTP response (500): 500 Internal Server Error
Save(<data/e528755870>) operation successful after 1 retries
Save(<data/d1665ca4ad>) operation successful after 1 retries
Save(<data/e37e99953c>) operation successful after 1 retries
Save(<data/c04cacbea0>) operation successful after 7 retries
Save(<data/da3cebcf8c>) operation successful after 7 retries
Save(<data/dadda1663c>) returned error, retrying after 531.862322ms: unexpected HTTP response (500): 500 Internal Server Error
Save(<data/0f63bb9212>) returned error, retrying after 624.37222ms: unexpected HTTP response (500): 500 Internal Server Error
Save(<data/f8954106ae>) returned error, retrying after 789.376627ms: unexpected HTTP response (500): 500 Internal Server Error
Save(<data/984cdbe3f0>) returned error, retrying after 1.026399725s: unexpected HTTP response (500): 500 Internal Server Error
Save(<data/5b42ec94e5>) returned error, retrying after 1.277409675s: unexpected HTTP response (500): 500 Internal Server Error
Save(<data/0f63bb9212>) operation successful after 1 retries
Save(<data/dadda1663c>) operation successful after 1 retries
Save(<data/f8954106ae>) operation successful after 1 retries
Save(<data/984cdbe3f0>) operation successful after 1 retries
Save(<data/5b42ec94e5>) operation successful after 1 retries
Save(<data/87187f82b0>) returned error, retrying after 1.342864272s: unexpected HTTP response (500): 500 Internal Server Error
Save(<data/ac179284bf>) returned error, retrying after 500.854317ms: unexpected HTTP response (500): 500 Internal Server Error
Save(<data/5a3974eb41>) returned error, retrying after 1.186986084s: unexpected HTTP response (500): 500 Internal Server Error
Save(<data/481a7700e6>) returned error, retrying after 748.257905ms: unexpected HTTP response (500): 500 Internal Server Error
Save(<data/5ef671bdcb>) returned error, retrying after 978.002595ms: unexpected HTTP response (500): 500 Internal Server Error
Save(<data/ac179284bf>) operation successful after 1 retries
Save(<data/87187f82b0>) operation successful after 1 retries
Save(<data/87187f82b0>) operation successful after 1 retries
Save(<data/481a7700e6>) operation successful after 1 retries
Save(<data/5ef671bdcb>) operation successful after 1 retries
Save(<data/d9516e1814>) returned error, retrying after 914.978797ms: unexpected HTTP response (500): 500 Internal Server Error
Save(<data/850e1c1ff0>) returned error, retrying after 1.065459078s: unexpected HTTP response (500): 500 Internal Server Error
Save(<data/ddd3f0f0bb>) returned error, retrying after 806.725055ms: unexpected HTTP response (500): 500 Internal Server Error
Save(<data/2e9b199a57>) returned error, retrying after 1.403336389s: unexpected HTTP response (500): 500 Internal Server Error
Save(<data/c369d4a8e4>) returned error, retrying after 626.407267ms: unexpected HTTP response (500): 500 Internal Server Error
Save(<data/c369d4a8e4>) operation successful after 1 retries
Save(<data/c369d4a8e4>) operation successful after 1 retries
Save(<data/d9516e1814>) operation successful after 1 retries
Save(<data/d9516e1814>) operation successful after 1 retries
Save(<data/ddd3f0f0bb>) operation successful after 1 retries
Save(<data/850e1c1ff0>) operation successful after 1 retries
Save(<data/2e9b199a57>) operation successful after 1 retries
Save(<data/2ca5a8511f>) returned error, retrying after 1.287627303s: unexpected HTTP response (500): 500 Internal Server Error
Save(<data/312e396c6a>) returned error, retrying after 937.355968ms: unexpected HTTP response (500): 500 Internal Server Error
Save(<data/fde28088e7>) returned error, retrying after 1.164674154s: unexpected HTTP response (500): 500 Internal Server Error
Save(<data/312e396c6a>) operation successful after 1 retries
Save(<data/2ca5a8511f>) operation successful after 1 retries
Save(<data/fde28088e7>) operation successful after 1 retries
Save(<data/5af3e37478>) returned error, retrying after 527.251186ms: unexpected HTTP response (500): 500 Internal Server Error
Save(<data/7cd9d11028>) returned error, retrying after 893.254888ms: unexpected HTTP response (500): 500 Internal Server Error
Save(<data/c1198893c1>) returned error, retrying after 1.039836953s: unexpected HTTP response (500): 500 Internal Server Error
Save(<data/c66ab44e14>) returned error, retrying after 1.159800104s: unexpected HTTP response (500): 500 Internal Server Error
Save(<data/fca3cd76ae>) returned error, retrying after 625.183183ms: unexpected HTTP response (500): 500 Internal Server Error
Save(<data/5af3e37478>) operation successful after 1 retries
Save(<data/7cd9d11028>) operation successful after 1 retries
Save(<data/c1198893c1>) operation successful after 1 retries
Save(<data/c66ab44e14>) operation successful after 1 retries
Save(<data/fca3cd76ae>) operation successful after 1 retries
Save(<data/6ded8f9213>) returned error, retrying after 856.489707ms: unexpected HTTP response (500): 500 Internal Server Error
Save(<data/7107c42f98>) returned error, retrying after 804.16462ms: unexpected HTTP response (500): 500 Internal Server Error
Save(<data/c5ef6cf690>) returned error, retrying after 962.444494ms: unexpected HTTP response (500): 500 Internal Server Error
Save(<data/82bd46dc04>) returned error, retrying after 837.728799ms: unexpected HTTP response (500): 500 Internal Server Error
Save(<data/6ded8f9213>) operation successful after 1 retries
Save(<data/7107c42f98>) operation successful after 1 retries
Save(<data/c5ef6cf690>) operation successful after 1 retries
Save(<data/82bd46dc04>) operation successful after 1 retries
Save(<data/c40149e6e5>) returned error, retrying after 704.013474ms: unexpected HTTP response (500): 500 Internal Server Error
Save(<data/50cf7068cd>) returned error, retrying after 817.691774ms: unexpected HTTP response (500): 500 Internal Server Error
Save(<data/4d2416688b>) returned error, retrying after 522.210569ms: unexpected HTTP response (500): 500 Internal Server Error
Save(<data/978eb76d84>) returned error, retrying after 1.331683446s: unexpected HTTP response (500): 500 Internal Server Error
Save(<data/aca842cac7>) returned error, retrying after 968.013494ms: unexpected HTTP response (500): 500 Internal Server Error
Save(<data/c40149e6e5>) operation successful after 1 retries
Save(<data/4d2416688b>) operation successful after 1 retries
Save(<data/50cf7068cd>) operation successful after 1 retries
Save(<data/978eb76d84>) operation successful after 1 retries
Save(<data/aca842cac7>) operation successful after 1 retries
Save(<data/febcb02050>) returned error, retrying after 749.940966ms: unexpected HTTP response (500): 500 Internal Server Error
Save(<data/49d5b62d35>) returned error, retrying after 1.487620791s: unexpected HTTP response (500): 500 Internal Server Error
Save(<data/84c1f12aa4>) returned error, retrying after 796.714194ms: unexpected HTTP response (500): 500 Internal Server Error
Save(<data/da0f9c6d90>) returned error, retrying after 1.422012328s: unexpected HTTP response (500): 500 Internal Server Error
Save(<data/febcb02050>) operation successful after 1 retries
Save(<data/49d5b62d35>) operation successful after 1 retries
Save(<data/84c1f12aa4>) operation successful after 1 retries
Save(<data/da0f9c6d90>) operation successful after 1 retries
Save(<data/b9528d88c4>) returned error, retrying after 653.255103ms: unexpected HTTP response (500): 500 Internal Server Error
Save(<data/f10e401045>) returned error, retrying after 979.448207ms: unexpected HTTP response (500): 500 Internal Server Error
Save(<data/75220a8945>) returned error, retrying after 860.788142ms: unexpected HTTP response (500): 500 Internal Server Error
Save(<data/f03cf7ffa7>) returned error, retrying after 1.484056597s: unexpected HTTP response (500): 500 Internal Server Error
Save(<data/b9528d88c4>) operation successful after 1 retries
Save(<data/75220a8945>) operation successful after 1 retries
Save(<data/f10e401045>) operation successful after 1 retries
Save(<data/f03cf7ffa7>) operation successful after 1 retries
Save(<data/cfae645405>) returned error, retrying after 880.458097ms: unexpected HTTP response (500): 500 Internal Server Error
Save(<data/fbf681d9a3>) returned error, retrying after 1.077939128s: unexpected HTTP response (500): 500 Internal Server Error
Save(<data/3886fbd4ab>) returned error, retrying after 1.274341365s: unexpected HTTP response (500): 500 Internal Server Error
Save(<data/af4a384a87>) returned error, retrying after 970.272292ms: unexpected HTTP response (500): 500 Internal Server Error
Save(<data/5a8a0a0520>) returned error, retrying after 1.41018545s: unexpected HTTP response (500): 500 Internal Server Error
Save(<data/cfae645405>) operation successful after 1 retries
Save(<data/fbf681d9a3>) operation successful after 1 retries
Save(<data/af4a384a87>) operation successful after 1 retries
Save(<data/3886fbd4ab>) operation successful after 1 retries
Save(<data/5a8a0a0520>) operation successful after 1 retries
Save(<data/fbeee33443>) returned error, retrying after 519.54912ms: unexpected HTTP response (500): 500 Internal Server Error
Save(<data/f98b8fa6c6>) returned error, retrying after 765.944266ms: unexpected HTTP response (500): 500 Internal Server Error
Save(<data/94681cd3fb>) returned error, retrying after 509.162818ms: unexpected HTTP response (500): 500 Internal Server Error
Save(<data/76eb5d2241>) returned error, retrying after 660.984062ms: unexpected HTTP response (500): 500 Internal Server Error
Save(<data/fbeee33443>) operation successful after 1 retries
Save(<data/f98b8fa6c6>) operation successful after 1 retries
Save(<data/94681cd3fb>) operation successful after 1 retries
Save(<data/76eb5d2241>) operation successful after 1 retries
Save(<data/96a9aeeb6e>) returned error, retrying after 1.01575793s: unexpected HTTP response (500): 500 Internal Server Error
Save(<data/97ec19bdb6>) returned error, retrying after 1.233500162s: unexpected HTTP response (500): 500 Internal Server Error
Save(<data/470fc63d28>) returned error, retrying after 724.346557ms: unexpected HTTP response (500): 500 Internal Server Error
Save(<data/3873e6e0e5>) returned error, retrying after 700.15351ms: unexpected HTTP response (500): 500 Internal Server Error
Save(<data/43defa0d6b>) returned error, retrying after 1.457268555s: unexpected HTTP response (500): 500 Internal Server Error
Save(<data/3873e6e0e5>) operation successful after 1 retries
Save(<data/96a9aeeb6e>) operation successful after 1 retries
Save(<data/470fc63d28>) operation successful after 1 retries
Save(<data/97ec19bdb6>) operation successful after 1 retries
Save(<data/43defa0d6b>) operation successful after 1 retries
Save(<data/c5dd6ce5cb>) returned error, retrying after 970.553358ms: unexpected HTTP response (500): 500 Internal Server Error
Save(<data/c7d9189476>) returned error, retrying after 1.387209272s: unexpected HTTP response (500): 500 Internal Server Error
Save(<data/57a85d42f2>) returned error, retrying after 773.74566ms: unexpected HTTP response (500): 500 Internal Server Error
Save(<data/c32c9c4fb2>) returned error, retrying after 1.106986976s: unexpected HTTP response (500): 500 Internal Server Error
Save(<data/6efd60f7ec>) returned error, retrying after 997.058295ms: unexpected HTTP response (500): 500 Internal Server Error
Save(<data/c5dd6ce5cb>) operation successful after 1 retries
Save(<data/57a85d42f2>) operation successful after 1 retries
Save(<data/c7d9189476>) operation successful after 1 retries
Save(<data/c32c9c4fb2>) operation successful after 1 retries
Save(<data/6efd60f7ec>) operation successful after 1 retries
Save(<data/541f3e3a43>) returned error, retrying after 1.388946089s: unexpected HTTP response (500): 500 Internal Server Error
Save(<data/1a75355bdc>) returned error, retrying after 801.313051ms: unexpected HTTP response (500): 500 Internal Server Error
Save(<data/d59851c781>) returned error, retrying after 1.22883908s: unexpected HTTP response (500): 500 Internal Server Error
Save(<data/99819d987c>) returned error, retrying after 529.725527ms: unexpected HTTP response (500): 500 Internal Server Error
Save(<data/6a9ca9c86f>) returned error, retrying after 808.932016ms: unexpected HTTP response (500): 500 Internal Server Error
Save(<data/99819d987c>) operation successful after 1 retries
Save(<data/99819d987c>) operation successful after 1 retries
Save(<data/d59851c781>) operation successful after 1 retries
Save(<data/6a9ca9c86f>) operation successful after 1 retries
Save(<data/1a75355bdc>) operation successful after 1 retries
Save(<data/97fc447957>) returned error, retrying after 737.473257ms: unexpected HTTP response (500): 500 Internal Server Error
Save(<data/6501581a2b>) returned error, retrying after 1.395227995s: unexpected HTTP response (500): 500 Internal Server Error
Save(<data/34f0a9b1c7>) returned error, retrying after 847.570825ms: unexpected HTTP response (500): 500 Internal Server Error
Save(<data/2ed96650ae>) returned error, retrying after 1.448024557s: unexpected HTTP response (500): 500 Internal Server Error
Save(<data/e4ce841bfc>) returned error, retrying after 1.478963401s: unexpected HTTP response (500): 500 Internal Server Error
Save(<data/34f0a9b1c7>) operation successful after 1 retries
Save(<data/97fc447957>) operation successful after 1 retries
Save(<data/2ed96650ae>) operation successful after 1 retries
Save(<data/6501581a2b>) operation successful after 1 retries
Save(<data/e4ce841bfc>) operation successful after 1 retries
Save(<data/41feca359f>) returned error, retrying after 1.116845368s: unexpected HTTP response (500): 500 Internal Server Error
Save(<data/cdf57a6451>) returned error, retrying after 1.442942674s: unexpected HTTP response (500): 500 Internal Server Error
Save(<data/005c35f88a>) returned error, retrying after 802.275086ms: unexpected HTTP response (500): 500 Internal Server Error
Save(<data/22e65dfcb1>) returned error, retrying after 996.123113ms: unexpected HTTP response (500): 500 Internal Server Error
Save(<data/9219ed6465>) returned error, retrying after 832.297604ms: unexpected HTTP response (500): 500 Internal Server Error
Save(<data/005c35f88a>) operation successful after 1 retries
Save(<data/41feca359f>) operation successful after 1 retries
Save(<data/9219ed6465>) operation successful after 1 retries
Save(<data/22e65dfcb1>) operation successful after 1 retries
Save(<data/cdf57a6451>) operation successful after 1 retries
Save(<data/c2781aaa0d>) returned error, retrying after 1.095527483s: unexpected HTTP response (500): 500 Internal Server Error
Save(<data/3f4f52c9a8>) returned error, retrying after 568.831287ms: unexpected HTTP response (500): 500 Internal Server Error
Save(<data/34c6311735>) returned error, retrying after 1.301079232s: unexpected HTTP response (500): 500 Internal Server Error
Save(<data/9742dd91f3>) returned error, retrying after 594.128014ms: unexpected HTTP response (500): 500 Internal Server Error
Save(<data/c2781aaa0d>) operation successful after 1 retries
Save(<data/3f4f52c9a8>) operation successful after 1 retries
Save(<data/34c6311735>) operation successful after 1 retries
Save(<data/9742dd91f3>) operation successful after 1 retries
Save(<data/0604457357>) returned error, retrying after 1.15010972s: unexpected HTTP response (500): 500 Internal Server Error
Save(<data/360308aa64>) returned error, retrying after 1.337158087s: unexpected HTTP response (500): 500 Internal Server Error
Save(<data/723c7525a3>) returned error, retrying after 1.274790993s: unexpected HTTP response (500): 500 Internal Server Error
Save(<data/410079dc8d>) returned error, retrying after 1.448924973s: unexpected HTTP response (500): 500 Internal Server Error
Save(<data/3db4ca6241>) returned error, retrying after 610.083741ms: unexpected HTTP response (500): 500 Internal Server Error
Save(<data/0604457357>) operation successful after 1 retries
Save(<data/360308aa64>) operation successful after 1 retries
Save(<data/723c7525a3>) operation successful after 1 retries
Save(<data/410079dc8d>) operation successful after 1 retries
Save(<data/3db4ca6241>) operation successful after 1 retries
Save(<data/a35862278d>) returned error, retrying after 1.150658749s: unexpected HTTP response (500): 500 Internal Server Error
Save(<data/355f244e9c>) returned error, retrying after 1.265074986s: unexpected HTTP response (500): 500 Internal Server Error
Save(<data/12e301766d>) returned error, retrying after 1.071101173s: unexpected HTTP response (500): 500 Internal Server Error
Save(<data/aaed5abca0>) returned error, retrying after 1.315349785s: unexpected HTTP response (500): 500 Internal Server Error
Save(<data/e237c0e382>) returned error, retrying after 643.061812ms: unexpected HTTP response (500): 500 Internal Server Error
Save(<data/a35862278d>) operation successful after 1 retries
Save(<data/355f244e9c>) operation successful after 1 retries
Save(<data/12e301766d>) operation successful after 1 retries
Save(<data/e237c0e382>) operation successful after 1 retries
Save(<data/aaed5abca0>) operation successful after 1 retries
Save(<data/d5c881a110>) returned error, retrying after 770.67928ms: unexpected HTTP response (500): 500 Internal Server Error
Save(<data/aacdb9d880>) returned error, retrying after 1.44628593s: unexpected HTTP response (500): 500 Internal Server Error
Save(<data/59e1271fe0>) returned error, retrying after 538.402545ms: unexpected HTTP response (500): 500 Internal Server Error
Save(<data/4ff6657ead>) returned error, retrying after 1.383426135s: unexpected HTTP response (500): 500 Internal Server Error
Save(<data/59e1271fe0>) operation successful after 1 retries
Save(<data/d5c881a110>) operation successful after 1 retries
Save(<data/aacdb9d880>) operation successful after 1 retries
Save(<data/4ff6657ead>) operation successful after 1 retries
Save(<data/7957c9ebf6>) returned error, retrying after 832.844591ms: unexpected HTTP response (500): 500 Internal Server Error
Save(<data/1518473fe0>) returned error, retrying after 1.359042038s: unexpected HTTP response (500): 500 Internal Server Error
Save(<data/cc560af12b>) returned error, retrying after 1.406223359s: unexpected HTTP response (500): 500 Internal Server Error
Save(<data/8f146eaac6>) returned error, retrying after 1.096574601s: unexpected HTTP response (500): 500 Internal Server Error
Save(<data/bc991d2ac2>) returned error, retrying after 999.389982ms: unexpected HTTP response (500): 500 Internal Server Error
Save(<data/7957c9ebf6>) operation successful after 1 retries
Save(<data/8f146eaac6>) operation successful after 1 retries
Save(<data/cc560af12b>) operation successful after 1 retries
Save(<data/1518473fe0>) operation successful after 1 retries
Save(<data/bc991d2ac2>) operation successful after 1 retries
Save(<data/1d2b55b00f>) returned error, retrying after 1.217051463s: unexpected HTTP response (500): 500 Internal Server Error
Save(<data/1d2b55b00f>) returned error, retrying after 1.217051463s: unexpected HTTP response (500): 500 Internal Server Error
Save(<data/a1883330dc>) returned error, retrying after 1.324541078s: unexpected HTTP response (500): 500 Internal Server Error
Save(<data/56a718570c>) returned error, retrying after 1.448903258s: unexpected HTTP response (500): 500 Internal Server Error
Save(<data/b4cda7de5f>) returned error, retrying after 1.491268209s: unexpected HTTP response (500): 500 Internal Server Error
Save(<data/a121d04fba>) operation successful after 1 retries
Save(<data/a1883330dc>) operation successful after 1 retries
Save(<data/1d2b55b00f>) operation successful after 1 retries
Save(<data/b4cda7de5f>) operation successful after 1 retries
Save(<data/56a718570c>) operation successful after 1 retries
Save(<data/50d3068f13>) returned error, retrying after 1.066091003s: unexpected HTTP response (500): 500 Internal Server Error
Save(<data/f75063b376>) returned error, retrying after 915.902165ms: unexpected HTTP response (500): 500 Internal Server Error
Save(<data/56da5b5761>) returned error, retrying after 1.183847768s: unexpected HTTP response (500): 500 Internal Server Error
Save(<data/963d08a431>) returned error, retrying after 1.05991775s: unexpected HTTP response (500): 500 Internal Server Error
Save(<data/88d8c3da8d>) returned error, retrying after 1.478512628s: unexpected HTTP response (500): 500 Internal Server Error
Save(<data/50d3068f13>) operation successful after 1 retries
Save(<data/f75063b376>) operation successful after 1 retries
Save(<data/963d08a431>) operation successful after 1 retries
Save(<data/88d8c3da8d>) operation successful after 1 retries
Save(<data/56da5b5761>) operation successful after 1 retries

Files:       290000 new,  1690 changed, 170835 unmodified
Dirs:        71567 new,  1848 changed, 32656 unmodified
Added to the repository: 74.989 GiB (67.559 GiB stored)

processed 462525 files, 110.458 GiB in 1:08:06
snapshot d29eac01 saved
Warning: at least one source file could not be read
2024/12/04 09:55:13 backup on profile 'default': exit status 3
